Date,Price,Open,High,Low,Vol.,Change %
2020-03-06,4.16,4.18,4.25,4.14,1.82M,-0.95%
2020-03-05,4.20,4.22,4.24,4.18,1.68M,-0.47%
2020-03-04,4.22,4.12,4.34,4.12,2.19M,0.24%
2020-03-03,4.21,4.19,4.25,4.14,1.47M,0.48%
2020-03-02,4.19,4.20,4.25,4.11,4.61M,-1.18%
2020-02-28,4.24,4.17,4.28,4.08,3.77M,-0.24%
2020-02-27,4.25,4.28,4.38,4.23,2.72M,-0.70%
2020-02-26,4.28,4.20,4.33,4.20,3.20M,0.71%
2020-02-25,4.25,4.24,4.31,4.16,3.87M,-1.16%
2020-02-24,4.30,4.31,4.34,4.27,2.46M,-3.37%
2020-02-21,4.45,4.41,4.47,4.41,3.73M,-0.22%
2020-02-20,4.46,4.51,4.51,4.40,1.22M,-1.33%
2020-02-19,4.52,4.54,4.59,4.44,851.40K,0.44%
2020-02-18,4.50,4.49,4.51,4.48,556.10K,0.00%
2020-02-17,4.50,4.56,4.60,4.49,821.20K,-1.10%
2020-02-14,4.55,4.48,4.56,4.47,809.80K,0.22%
2020-02-13,4.54,4.51,4.56,4.51,841.10K,-0.22%
2020-02-12,4.55,4.54,4.57,4.54,4.01M,0.22%
2020-02-11,4.54,4.52,4.58,4.48,1.30M,0.67%
2020-02-10,4.51,4.58,4.58,4.48,1.79M,0.22%
2020-02-07,4.50,4.49,4.52,4.46,1.83M,0.22%
2020-02-06,4.49,4.47,4.53,4.46,3.71M,0.90%
2020-02-05,4.45,4.46,4.50,4.45,6.92M,-0.89%
2020-02-04,4.49,4.50,4.58,4.49,2.88M,0.00%
2020-02-03,4.49,4.46,4.52,4.46,4.22M,-1.10%
2020-01-31,4.54,4.58,4.58,4.46,4.02M,0.67%
2020-01-30,4.51,4.52,4.52,4.42,3.09M,-0.22%
2020-01-29,4.52,4.48,4.59,4.48,3.34M,0.67%
2020-01-28,4.49,4.53,4.53,4.41,1.18M,-1.97%
2020-01-24,4.58,4.57,4.58,4.57,1.70K,-0.22%
2020-01-23,4.59,4.56,4.60,4.56,2.03M,-0.22%
2020-01-22,4.60,4.64,4.64,4.58,618.60K,-1.50%
2020-01-21,4.67,4.60,4.67,4.60,3.94M,1.52%
2020-01-20,4.60,4.62,4.62,4.58,4.36M,-0.65%
2020-01-17,4.63,4.60,4.65,4.59,6.60M,0.43%
2020-01-16,4.61,4.60,4.65,4.60,6.06M,-1.50%
2020-01-15,4.68,4.70,4.70,4.66,4.84M,-0.43%
2020-01-14,4.70,4.66,4.70,4.65,7.68M,0.86%
2020-01-13,4.66,4.73,4.76,4.66,4.04M,-0.85%
2020-01-10,4.70,4.70,4.71,4.68,5.66M,0.00%
2020-01-09,4.70,4.66,4.74,4.66,4.63M,0.64%
2020-01-08,4.67,4.70,4.72,4.63,4.12M,-1.06%
2020-01-07,4.72,4.73,4.76,4.70,4.65M,0.00%
2020-01-06,4.72,4.74,4.74,4.70,3.68M,-0.42%
2020-01-03,4.74,4.70,4.78,4.69,12.31M,1.94%
2020-01-02,4.65,4.67,4.67,4.61,5.28M,0.87%
2019-12-31,4.61,4.71,4.74,4.58,2.51M,-1.91%
2019-12-30,4.70,4.68,4.73,4.67,7.26M,-0.42%
2019-12-27,4.72,4.62,4.76,4.62,2.72M,1.72%
2019-12-26,4.64,4.57,4.70,4.53,1.40M,1.75%
2019-12-24,4.56,4.59,4.60,4.49,3.13M,-0.87%
2019-12-23,4.60,4.77,4.77,4.56,5.81M,-4.56%
2019-12-20,4.82,4.55,4.82,4.55,7.83M,4.78%
2019-12-19,4.60,4.58,4.64,4.56,2.87M,-0.86%
2019-12-18,4.64,4.62,4.64,4.55,8.64M,0.43%
2019-12-17,4.62,4.60,4.62,4.47,4.56M,1.54%
2019-12-16,4.55,4.50,4.60,4.50,1.93M,-0.66%
2019-12-13,4.58,4.62,4.62,4.58,2.44M,0.00%
2019-12-12,4.58,4.50,4.62,4.50,4.46M,1.10%
2019-12-11,4.53,4.46,4.58,4.46,6.12M,-0.66%
2019-12-10,4.56,4.53,4.58,4.52,4.12M,0.66%
2019-12-09,4.53,4.50,4.58,4.48,5.81M,1.12%
2019-12-06,4.48,4.40,4.50,4.39,4.32M,1.13%
2019-12-05,4.43,4.42,4.44,4.39,2.40M,0.68%
2019-12-04,4.40,4.32,4.47,4.31,4.46M,0.23%
2019-12-03,4.39,4.39,4.44,4.36,2.54M,0.00%
2019-12-02,4.39,4.26,4.40,4.26,3.95M,0.92%
2019-11-29,4.35,4.43,4.43,4.33,3.40M,-2.03%
2019-11-28,4.44,4.43,4.46,4.43,1.62M,0.23%
2019-11-27,4.43,4.50,4.50,4.42,1.50M,-0.45%
2019-11-26,4.45,4.40,4.47,4.40,6.20M,0.00%
2019-11-25,4.45,4.49,4.49,4.42,316.50K,-0.89%
2019-11-22,4.49,4.49,4.49,4.40,2.44M,0.00%
2019-11-21,4.49,4.43,4.51,4.36,3.90M,0.90%
2019-11-20,4.45,4.45,4.47,4.43,4.98M,0.45%
2019-11-19,4.43,4.36,4.45,4.36,938.10K,0.23%
2019-11-18,4.42,4.40,4.45,4.40,1.38M,0.45%
2019-11-15,4.40,4.40,4.43,4.37,3.83M,0.00%
2019-11-14,4.40,4.40,4.43,4.34,1.54M,0.00%
2019-11-13,4.40,4.44,4.44,4.36,3.25M,-1.12%
2019-11-12,4.45,4.40,4.45,4.39,6.59M,1.14%
2019-11-11,4.40,4.32,4.41,4.32,2.83M,1.38%
2019-11-08,4.34,4.33,4.36,4.33,1.95M,-1.14%
2019-11-07,4.39,4.41,4.41,4.36,1.07M,-0.90%
2019-11-06,4.43,4.45,4.45,4.41,1.31M,-0.67%
2019-11-05,4.46,4.42,4.46,4.39,4.69M,0.90%
2019-11-04,4.42,4.40,4.42,4.36,2.93M,0.91%
2019-11-01,4.38,4.30,4.39,4.30,1.13M,0.23%
2019-10-31,4.37,4.28,4.38,4.28,3.08M,0.46%
2019-10-30,4.35,4.36,4.39,4.33,1.12M,0.46%
2019-10-29,4.33,4.30,4.34,4.29,2.54M,1.17%
2019-10-25,4.28,4.28,4.29,4.25,2.06M,0.71%
2019-10-24,4.25,4.25,4.27,4.20,2.79M,-0.70%
2019-10-23,4.28,4.27,4.29,4.25,668.90K,-0.23%
2019-10-22,4.29,4.28,4.30,4.25,2.57M,0.94%
2019-10-21,4.25,4.25,4.27,4.22,1.69M,0.00%
2019-10-18,4.25,4.28,4.37,4.25,1.12M,-3.41%
2019-10-17,4.40,4.25,4.43,4.25,961.60K,1.62%
2019-10-16,4.33,4.22,4.40,4.22,1.60M,2.61%
2019-10-15,4.22,4.20,4.22,4.18,1.19M,0.48%
2019-10-14,4.20,4.25,4.25,4.18,1.64M,-0.24%
2019-10-11,4.21,4.22,4.22,4.21,265.00K,-0.24%
2019-10-10,4.22,4.24,4.24,4.20,1.75M,-0.24%
2019-10-09,4.23,4.26,4.27,4.22,1.25M,-0.94%
2019-10-08,4.27,4.27,4.33,4.25,1.39M,0.00%
2019-10-07,4.27,4.28,4.30,4.26,412.80K,-0.70%
2019-10-04,4.30,4.30,4.33,4.26,241.10K,0.47%
2019-10-03,4.28,4.26,4.31,4.25,1.25M,-0.23%
2019-10-02,4.29,4.43,4.43,4.25,4.16M,-3.16%
2019-10-01,4.43,4.42,4.44,4.41,257.10K,0.00%
2019-09-30,4.43,4.37,4.43,4.37,2.55M,0.91%
2019-09-27,4.39,4.37,4.44,4.37,741.50K,-0.68%
2019-09-26,4.42,4.39,4.42,4.35,1.90M,0.45%
2019-09-25,4.40,4.30,4.40,4.30,2.00M,1.15%
2019-09-24,4.35,4.36,4.42,4.32,2.76M,-0.68%
2019-09-23,4.38,4.35,4.40,4.35,1.53M,-0.45%
2019-09-20,4.40,4.40,4.42,4.38,9.27M,0.00%
2019-09-19,4.40,4.28,4.48,4.28,2.15M,-0.45%
2019-09-18,4.42,4.40,4.44,4.36,1.67M,0.00%
2019-09-17,4.42,4.42,4.42,4.34,1.59M,0.23%
2019-09-13,4.41,4.40,4.42,4.35,1.38M,0.68%
2019-09-12,4.38,4.40,4.44,4.38,2.29M,-0.45%
2019-09-11,4.40,4.35,4.41,4.30,2.38M,-0.23%
2019-09-10,4.41,4.40,4.43,4.39,2.69M,0.23%
2019-09-06,4.40,4.39,4.42,4.35,1.96M,-0.23%
2019-09-05,4.41,4.41,4.43,4.37,2.50M,0.23%
2019-09-04,4.40,4.42,4.42,4.34,1.95M,1.15%
2019-09-03,4.35,4.43,4.47,4.34,2.09M,-1.36%
2019-08-30,4.41,4.40,4.43,4.29,2.50M,1.15%
2019-08-29,4.36,4.24,4.43,4.22,1.55M,3.32%
2019-08-28,4.22,4.29,4.29,4.19,849.50K,-0.71%
2019-08-27,4.25,4.31,4.36,4.16,6.93M,-1.85%
2019-08-26,4.33,4.32,4.38,4.25,3.04M,-1.14%
2019-08-23,4.38,4.26,4.38,4.26,1.66M,1.39%
2019-08-22,4.32,4.22,4.35,4.22,2.22M,1.65%
2019-08-21,4.25,4.26,4.30,4.22,1.32M,-0.70%
2019-08-20,4.28,4.22,4.33,4.20,1.09M,1.42%
2019-08-19,4.22,4.20,4.25,4.20,2.31M,-0.24%
2019-08-16,4.23,4.20,4.27,4.18,1.86M,0.00%
2019-08-15,4.23,4.13,4.23,4.13,2.65M,0.71%
2019-08-14,4.20,4.21,4.25,4.20,1.37M,0.00%
2019-08-13,4.20,4.21,4.22,4.16,3.75M,-0.47%
2019-08-09,4.22,4.23,4.28,4.22,1.31M,-1.40%
2019-08-08,4.28,4.20,4.36,4.20,1.15M,2.15%
2019-08-07,4.19,4.22,4.22,4.18,1.86M,0.48%
2019-08-06,4.17,4.14,4.20,4.10,4.95M,0.00%
2019-08-05,4.17,4.17,4.18,4.13,2.12M,0.00%
2019-08-02,4.17,4.15,4.21,4.15,3.00M,-0.71%
2019-08-01,4.20,4.16,4.24,4.16,1.54M,0.24%
2019-07-31,4.19,4.19,4.23,4.17,2.44M,-0.24%
2019-07-29,4.20,4.17,4.21,4.16,1.10M,0.48%
2019-07-26,4.18,4.25,4.25,4.18,2.11M,-1.65%
2019-07-25,4.25,4.22,4.27,4.20,1.56M,1.19%
2019-07-24,4.20,4.19,4.28,4.18,1.69M,-0.24%
2019-07-23,4.21,4.25,4.26,4.21,2.01M,-0.71%
2019-07-22,4.24,4.23,4.24,4.17,1.15M,0.24%
2019-07-19,4.23,4.27,4.27,4.21,1.63M,-0.24%
2019-07-18,4.24,4.23,4.26,4.23,474.00K,0.00%
2019-07-17,4.24,4.24,4.28,4.23,811.20K,0.47%
2019-07-16,4.22,4.23,4.25,4.21,1.07M,0.00%
2019-07-15,4.22,4.25,4.26,4.20,1.17M,-0.71%
2019-07-12,4.25,4.26,4.28,4.25,492.10K,-0.47%
2019-07-11,4.27,4.27,4.27,4.24,346.50K,0.00%
2019-07-10,4.27,4.26,4.28,4.24,684.10K,0.47%
2019-07-09,4.25,4.24,4.28,4.23,1.10M,0.24%
2019-07-08,4.24,4.26,4.29,4.24,493.10K,-1.17%
2019-07-05,4.29,4.26,4.30,4.26,1.57M,0.94%
2019-07-04,4.25,4.24,4.28,4.24,2.46M,0.00%
2019-07-03,4.25,4.25,4.25,4.22,1.10M,0.24%
2019-07-02,4.24,4.22,4.33,4.22,2.92M,0.00%
2019-07-01,4.24,4.25,4.27,4.22,966.50K,-0.24%
2019-06-28,4.25,4.29,4.35,4.25,3.70M,-0.93%
2019-06-27,4.29,4.25,4.31,4.25,1.33M,0.00%
2019-06-26,4.29,4.24,4.30,4.20,591.10K,0.70%
2019-06-25,4.26,4.21,4.27,4.19,2.00M,1.43%
2019-06-24,4.20,4.27,4.30,4.19,2.13M,-1.18%
2019-06-21,4.25,4.27,4.42,4.25,7.83M,-1.85%
2019-06-20,4.33,4.33,4.39,4.28,1.41M,-0.92%
2019-06-19,4.37,4.21,4.47,4.21,1.27M,3.31%
2019-06-18,4.23,4.16,4.28,4.16,2.86M,1.20%
2019-06-17,4.18,4.17,4.24,4.17,1.38M,0.24%
2019-06-14,4.17,4.25,4.25,4.14,1.71M,-1.65%
2019-06-13,4.24,4.27,4.28,4.23,1.20M,-1.40%
2019-06-12,4.30,4.28,4.31,4.25,786.60K,-0.23%
2019-06-11,4.31,4.33,4.33,4.28,618.20K,0.23%
2019-06-10,4.30,4.32,4.36,4.29,1.06M,-0.46%
2019-06-07,4.32,4.26,4.32,4.26,1.58M,1.65%
2019-06-04,4.25,4.45,4.45,4.25,276.80K,-2.75%
2019-06-03,4.37,4.31,4.47,4.28,1.35M,1.39%
2019-05-31,4.31,4.24,4.33,4.20,2.70M,2.13%
2019-05-30,4.22,4.22,4.24,4.17,875.20K,0.00%
2019-05-29,4.22,4.22,4.24,4.12,1.58M,0.24%
2019-05-28,4.21,4.21,4.24,4.17,7.90M,-0.24%
2019-05-27,4.22,4.28,4.28,4.19,550.30K,-0.94%
2019-05-24,4.26,4.19,4.28,4.12,2.13M,1.67%
2019-05-23,4.19,4.23,4.25,4.19,1.88M,-0.71%
2019-05-21,4.22,4.20,4.32,4.20,1.10M,0.24%
2019-05-17,4.21,4.23,4.25,4.20,2.56M,0.24%
2019-05-16,4.20,4.29,4.30,4.20,1.82M,-1.64%
2019-05-15,4.27,4.22,4.38,4.22,1.50M,0.71%
2019-05-14,4.24,4.18,4.30,4.11,4.82M,-0.47%
2019-05-13,4.26,4.24,4.29,4.24,4.08M,0.47%
2019-05-10,4.24,4.40,4.40,4.24,1.67M,-2.53%
2019-05-09,4.35,4.44,4.44,4.35,2.57M,-1.36%
2019-05-08,4.41,4.37,4.43,4.37,1.48M,-0.23%
2019-05-07,4.42,4.48,4.48,4.41,1.57M,-0.67%
2019-05-06,4.45,4.45,4.46,4.40,1.91M,-0.22%
2019-05-03,4.46,4.45,4.50,4.37,1.85M,0.00%
2019-05-02,4.46,4.44,4.50,4.44,1.47M,-1.11%
2019-04-30,4.51,4.48,4.51,4.45,2.11M,0.67%
2019-04-29,4.48,4.49,4.50,4.43,492.70K,-0.44%
2019-04-26,4.50,4.52,4.53,4.48,2.05M,-0.22%
2019-04-25,4.51,4.49,4.51,4.46,2.60M,0.45%
2019-04-24,4.49,4.43,4.49,4.42,1.06M,1.58%
2019-04-23,4.42,4.45,4.48,4.42,2.16M,-0.67%
2019-04-22,4.45,4.48,4.48,4.45,663.60K,-0.45%
2019-04-19,4.47,4.44,4.48,4.44,1.57M,0.22%
2019-04-18,4.46,4.53,4.53,4.44,2.14M,-0.89%
2019-04-17,4.50,4.46,4.50,4.46,1.05M,0.45%
2019-04-16,4.48,4.50,4.52,4.45,493.20K,-1.10%
2019-04-15,4.53,4.55,4.55,4.50,532.90K,0.22%
2019-04-12,4.52,4.54,4.54,4.47,476.00K,0.89%
2019-04-11,4.48,4.51,4.51,4.43,1.55M,-0.88%
2019-04-10,4.52,4.49,4.53,4.49,2.38M,0.00%
2019-04-09,4.52,4.53,4.55,4.48,866.30K,-0.22%
2019-04-08,4.53,4.50,4.55,4.48,1.01M,1.12%
2019-04-05,4.48,4.50,4.55,4.48,455.30K,-0.44%
2019-04-04,4.50,4.53,4.53,4.47,795.60K,-0.66%
2019-04-03,4.53,4.48,4.54,4.48,370.60K,1.34%
2019-04-02,4.47,4.47,4.50,4.44,2.82M,0.00%
2019-04-01,4.47,4.45,4.50,4.45,489.90K,0.22%
2019-03-29,4.46,4.49,4.50,4.43,1.45M,0.00%
2019-03-28,4.46,4.48,4.51,4.43,3.45M,-1.33%
2019-03-27,4.52,4.44,4.56,4.44,603.10K,0.67%
2019-03-26,4.49,4.46,4.51,4.46,481.00K,0.00%
2019-03-25,4.49,4.46,4.50,4.45,2.26M,0.00%
2019-03-22,4.49,4.49,4.56,4.45,2.04M,0.00%
2019-03-21,4.49,4.58,4.58,4.45,3.12M,-1.32%
2019-03-20,4.55,4.46,4.55,4.46,1.04M,0.00%
2019-03-19,4.55,4.52,4.62,4.52,606.10K,-0.87%
2019-03-18,4.59,4.50,4.59,4.50,797.10K,1.10%
2019-03-15,4.54,4.42,4.55,4.42,7.73M,1.79%
2019-03-14,4.46,4.49,4.49,4.40,2.77M,-0.67%
2019-03-13,4.49,4.48,4.54,4.48,656.70K,-0.44%
2019-03-12,4.51,4.55,4.55,4.48,425.40K,0.00%
2019-03-11,4.51,4.54,4.54,4.49,1.96M,0.00%
2019-03-08,4.51,4.52,4.54,4.45,2.02M,-0.44%
2019-03-07,4.53,4.49,4.53,4.49,837.10K,0.00%
2019-03-06,4.53,4.51,4.53,4.50,1.55M,0.22%
2019-03-05,4.52,4.48,4.55,4.47,1.76M,0.00%
2019-03-04,4.52,4.48,4.53,4.46,2.06M,0.00%
2019-03-01,4.52,4.49,4.53,4.46,960.30K,0.67%
2019-02-28,4.49,4.49,4.54,4.46,5.13M,0.00%
2019-02-27,4.49,4.63,4.63,4.46,2.10M,-1.54%
2019-02-26,4.56,4.59,4.62,4.55,2.11M,-0.87%
2019-02-25,4.60,4.53,4.60,4.53,2.24M,0.66%
2019-02-22,4.57,4.56,4.57,4.52,1.07M,-0.22%
2019-02-21,4.58,4.70,4.70,4.51,7.44M,-3.17%
2019-02-20,4.73,4.70,4.74,4.66,5.51M,1.07%
2019-02-19,4.68,4.57,4.70,4.56,4.83M,2.41%
2019-02-18,4.57,4.60,4.60,4.55,374.40K,-0.65%
2019-02-15,4.60,4.56,4.63,4.56,2.78M,1.32%
2019-02-14,4.54,4.52,4.56,4.50,3.01M,0.00%
2019-02-13,4.54,4.64,4.64,4.52,2.69M,-1.73%
2019-02-12,4.62,4.57,4.64,4.56,2.24M,1.99%
2019-02-11,4.53,4.52,4.56,4.52,2.01M,-0.88%
2019-02-08,4.57,4.60,4.61,4.55,1.43M,-1.72%
2019-02-07,4.65,4.62,4.68,4.61,2.54M,0.00%
2019-02-04,4.65,4.68,4.68,4.60,2.76M,0.00%
2019-01-31,4.65,4.68,4.68,4.61,6.78M,0.87%
2019-01-30,4.61,4.66,4.66,4.58,1.73M,-0.43%
2019-01-29,4.63,4.64,4.66,4.55,4.97M,-0.43%
2019-01-28,4.65,4.70,4.70,4.62,3.41M,-0.43%
2019-01-25,4.67,4.67,4.68,4.66,2.74M,0.21%
2019-01-24,4.66,4.65,4.69,4.64,2.93M,0.22%
2019-01-23,4.65,4.67,4.67,4.55,3.55M,0.00%
2019-01-22,4.65,4.65,4.67,4.60,3.98M,0.22%
2019-01-18,4.64,4.65,4.67,4.61,2.66M,-0.64%
2019-01-17,4.67,4.65,4.68,4.63,2.95M,1.08%
2019-01-16,4.62,4.53,4.65,4.53,7.59M,0.43%
2019-01-15,4.60,4.55,4.60,4.54,4.00M,1.10%
2019-01-14,4.55,4.50,4.56,4.46,1.48M,0.66%
2019-01-11,4.52,4.50,4.53,4.42,2.25M,0.67%
2019-01-10,4.49,4.45,4.50,4.40,6.82M,1.81%
2019-01-09,4.41,4.45,4.45,4.38,2.05M,0.00%
2019-01-08,4.41,4.39,4.43,4.36,2.28M,1.38%
2019-01-07,4.35,4.36,4.46,4.26,2.95M,0.00%
2019-01-04,4.35,4.45,4.45,4.33,827.50K,-2.47%
2019-01-03,4.46,4.48,4.48,4.38,2.10M,1.36%
2019-01-02,4.40,4.49,4.49,4.40,1.34M,-1.12%
2018-12-31,4.45,4.47,4.49,4.44,1.40M,-0.45%
2018-12-28,4.47,4.39,4.50,4.36,3.16M,1.59%
2018-12-27,4.40,4.38,4.43,4.37,1.87M,0.23%
2018-12-26,4.39,4.25,4.40,4.25,617.60K,0.00%
2018-12-24,4.39,4.24,4.39,4.20,1.60M,2.09%
2018-12-21,4.30,4.22,4.30,4.19,7.31M,2.63%
2018-12-20,4.19,4.21,4.31,4.13,3.93M,-2.10%
2018-12-19,4.28,4.29,4.36,4.22,2.48M,0.47%
2018-12-18,4.26,4.14,4.33,4.10,2.69M,1.91%
2018-12-17,4.18,4.22,4.26,4.18,1.48M,-2.34%
2018-12-14,4.28,4.35,4.35,4.26,2.46M,-1.15%
2018-12-13,4.33,4.29,4.38,4.28,1.51M,0.93%
2018-12-12,4.29,4.29,4.29,4.23,1.71M,0.94%
2018-12-11,4.25,4.24,4.29,4.19,1.95M,-0.47%
2018-12-10,4.27,4.26,4.28,4.23,665.50K,-1.84%
2018-12-07,4.35,4.41,4.41,4.29,497.40K,0.23%
2018-12-06,4.34,4.27,4.40,4.26,983.00K,-0.91%
2018-12-05,4.38,4.39,4.41,4.30,1.01M,-0.23%
2018-12-04,4.39,4.32,4.40,4.28,2.18M,2.09%
2018-12-03,4.30,4.25,4.30,4.23,1.30M,1.18%
2018-11-30,4.25,4.41,4.41,4.21,7.26M,-3.41%
2018-11-29,4.40,4.24,4.49,4.24,3.44M,3.77%
2018-11-28,4.24,4.21,4.24,4.18,1.33M,0.95%
2018-11-27,4.20,4.23,4.23,4.17,1.87M,-0.71%
2018-11-26,4.23,4.28,4.28,4.20,2.92M,-1.86%
2018-11-23,4.31,4.22,4.34,4.22,879.20K,0.94%
2018-11-22,4.27,4.23,4.29,4.22,478.20K,0.71%
2018-11-21,4.24,4.38,4.38,4.21,1.81M,-2.08%
2018-11-19,4.33,4.43,4.44,4.24,2.68M,-1.37%
2018-11-16,4.39,4.41,4.44,4.35,1.80M,0.92%
2018-11-15,4.35,4.39,4.43,4.33,2.00M,-0.68%
2018-11-14,4.38,4.35,4.39,4.35,1.09M,0.69%
2018-11-13,4.35,4.42,4.42,4.24,3.54M,-3.12%
2018-11-12,4.49,4.56,4.57,4.49,852.20K,-1.54%
2018-11-09,4.56,4.59,4.59,4.53,1.46M,-0.65%
2018-11-08,4.59,4.59,4.60,4.55,4.46M,0.00%
2018-11-07,4.59,4.51,4.59,4.51,7.34M,0.44%
2018-11-05,4.57,4.57,4.59,4.52,3.28M,0.66%
2018-11-02,4.54,4.47,4.55,4.47,755.40K,1.34%
2018-11-01,4.48,4.51,4.53,4.48,273.50K,-0.44%
2018-10-31,4.50,4.49,4.52,4.46,2.72M,0.00%
2018-10-30,4.50,4.43,4.54,4.42,1.05M,1.58%
2018-10-29,4.43,4.48,4.53,4.43,740.10K,-1.34%
2018-10-26,4.49,4.50,4.50,4.45,1.45M,-0.44%
2018-10-25,4.51,4.53,4.53,4.42,5.10M,-0.44%
2018-10-24,4.53,4.53,4.55,4.52,620.50K,0.00%
2018-10-23,4.53,4.50,4.55,4.50,1.94M,-0.44%
2018-10-22,4.55,4.53,4.56,4.50,1.15M,0.44%
2018-10-19,4.53,4.51,4.54,4.43,1.66M,-1.09%
2018-10-18,4.58,4.59,4.59,4.53,713.30K,0.00%
2018-10-17,4.58,4.52,4.58,4.52,1.92M,1.10%
2018-10-16,4.53,4.51,4.53,4.50,1.39M,0.89%
2018-10-15,4.49,4.48,4.51,4.48,2.33M,-0.22%
2018-10-12,4.50,4.47,4.52,4.47,2.30M,-0.22%
2018-10-11,4.51,4.45,4.53,4.39,4.54M,-0.22%
2018-10-10,4.52,4.59,4.59,4.50,1.93M,-0.66%
2018-10-09,4.55,4.50,4.57,4.50,783.20K,-0.44%
2018-10-08,4.57,4.51,4.58,4.50,995.30K,1.78%
2018-10-05,4.49,4.55,4.55,4.47,1.55M,-0.88%
2018-10-04,4.53,4.51,4.55,4.48,1.78M,0.00%
2018-10-03,4.53,4.53,4.58,4.53,1.50M,-0.66%
2018-10-02,4.56,4.54,4.56,4.53,1.22M,0.00%
2018-10-01,4.56,4.51,4.58,4.51,663.10K,0.44%
2018-09-28,4.54,4.54,4.56,4.48,4.27M,-0.44%
2018-09-27,4.56,4.48,4.57,4.48,1.21M,0.44%
2018-09-26,4.54,4.54,4.56,4.47,2.80M,0.00%
2018-09-25,4.54,4.50,4.56,4.49,1.20M,0.89%
2018-09-24,4.50,4.50,4.52,4.45,1.19M,0.45%
2018-09-21,4.48,4.58,4.60,4.48,9.49M,-2.40%
2018-09-20,4.59,4.57,4.60,4.56,2.35M,0.44%
2018-09-19,4.57,4.50,4.58,4.50,2.47M,0.66%
2018-09-18,4.54,4.54,4.56,4.43,1.70M,0.00%
2018-09-14,4.54,4.44,4.56,4.44,2.83M,1.57%
2018-09-13,4.47,4.48,4.50,4.40,1.20M,0.45%
2018-09-12,4.45,4.52,4.52,4.33,5.75M,0.45%
2018-09-07,4.43,4.46,4.51,4.41,1.85M,-1.12%
2018-09-06,4.48,4.52,4.52,4.44,1.75M,0.00%
2018-09-05,4.48,4.47,4.50,4.43,4.75M,-0.67%
2018-09-04,4.51,4.50,4.53,4.46,873.00K,0.22%
2018-09-03,4.50,4.49,4.54,4.48,1.35M,-0.44%
2018-08-30,4.52,4.54,4.58,4.47,6.25M,0.67%
2018-08-29,4.49,4.56,4.57,4.46,1.40M,-1.32%
2018-08-28,4.55,4.59,4.59,4.52,2.35M,-0.22%
2018-08-27,4.56,4.54,4.58,4.54,1.71M,-0.44%
2018-08-24,4.58,4.59,4.59,4.52,867.90K,-0.22%
2018-08-23,4.59,4.50,4.59,4.50,2.57M,1.77%
2018-08-21,4.51,4.51,4.53,4.51,1.25M,0.00%
2018-08-20,4.51,4.54,4.56,4.50,1.20M,-1.31%
2018-08-17,4.57,4.56,4.58,4.53,4.23M,0.88%
2018-08-16,4.53,4.60,4.60,4.51,2.66M,-1.31%
2018-08-15,4.59,4.60,4.60,4.55,570.80K,0.88%
2018-08-14,4.55,4.53,4.59,4.53,1.64M,-0.22%
2018-08-13,4.56,4.57,4.59,4.52,3.27M,-1.72%
2018-08-10,4.64,4.57,4.65,4.57,783.60K,-0.22%
2018-08-09,4.65,4.69,4.70,4.63,2.08M,-0.85%
2018-08-08,4.69,4.64,4.74,4.64,1.58M,-0.21%
2018-08-07,4.70,4.62,4.70,4.55,5.71M,2.17%
2018-08-06,4.60,4.59,4.60,4.56,4.23M,0.44%
2018-08-03,4.58,4.55,4.59,4.47,3.91M,1.10%
2018-08-02,4.53,4.50,4.57,4.50,2.31M,-0.22%
2018-08-01,4.54,4.50,4.60,4.50,3.29M,-1.73%
2018-07-31,4.62,4.56,4.62,4.46,7.07M,1.76%
2018-07-30,4.54,4.56,4.56,4.52,5.17M,-0.44%
2018-07-27,4.56,4.50,4.57,4.50,3.85M,0.00%
2018-07-26,4.56,4.57,4.57,4.50,4.39M,-0.22%
2018-07-25,4.57,4.57,4.58,4.55,4.76M,0.00%
2018-07-24,4.57,4.52,4.57,4.50,5.27M,0.22%
2018-07-23,4.56,4.47,4.57,4.45,3.84M,0.88%
2018-07-20,4.52,4.45,4.52,4.42,1.30M,0.44%
2018-07-19,4.50,4.52,4.52,4.50,939.50K,0.45%
2018-07-18,4.48,4.42,4.48,4.39,2.11M,1.82%
2018-07-17,4.40,4.53,4.53,4.40,1.53M,-2.22%
2018-07-16,4.50,4.46,4.51,4.46,1.59M,-0.88%
2018-07-13,4.54,4.50,4.55,4.42,2.69M,0.89%
2018-07-12,4.50,4.48,4.54,4.42,3.95M,0.45%
2018-07-11,4.48,4.53,4.53,4.47,1.25M,-1.54%
2018-07-10,4.55,4.46,4.55,4.46,2.27M,2.02%
2018-07-09,4.46,4.38,4.46,4.33,2.58M,1.83%
2018-07-06,4.38,4.46,4.49,4.38,4.51M,-2.01%
2018-07-05,4.47,4.48,4.49,4.41,1.68M,0.22%
2018-07-04,4.46,4.52,4.52,4.45,587.20K,-0.89%
2018-07-03,4.50,4.58,4.58,4.46,2.08M,-1.75%
2018-07-02,4.58,4.53,4.58,4.46,2.83M,0.88%
2018-06-29,4.54,4.51,4.56,4.35,6.65M,0.89%
2018-06-28,4.50,4.44,4.51,4.44,4.17M,0.45%
2018-06-27,4.48,4.60,4.61,4.48,3.49M,-2.18%
2018-06-26,4.58,4.60,4.60,4.54,2.52M,0.00%
2018-06-25,4.58,4.55,4.58,4.52,3.63M,-0.22%
2018-06-22,4.59,4.57,4.60,4.52,3.69M,-0.43%
2018-06-21,4.61,4.57,4.72,4.55,5.30M,0.88%
2018-06-20,4.57,4.60,4.66,4.56,2.04M,-1.93%
2018-06-19,4.66,4.64,4.71,4.58,4.62M,1.08%
2018-06-18,4.61,4.60,4.71,4.56,4.18M,-1.91%
2018-06-14,4.70,4.61,4.70,4.56,13.22M,2.17%
2018-06-13,4.60,4.64,4.64,4.58,4.07M,-1.08%
2018-06-12,4.65,4.67,4.69,4.62,3.66M,-0.43%
2018-06-11,4.67,4.68,4.70,4.63,3.17M,0.86%
2018-06-08,4.63,4.68,4.68,4.57,3.07M,-0.64%
2018-06-07,4.66,4.72,4.74,4.65,2.53M,-0.85%
2018-06-06,4.70,4.61,4.70,4.60,4.61M,1.51%
2018-06-05,4.63,4.64,4.69,4.62,3.51M,0.65%
2018-06-04,4.60,4.60,4.68,4.56,5.52M,-0.43%
2018-06-01,4.62,4.75,4.75,4.56,4.12M,-0.22%
2018-05-31,4.63,4.63,4.73,4.52,33.35M,-1.49%
2018-05-30,4.70,4.69,4.80,4.61,5.11M,-0.21%
2018-05-28,4.71,4.75,4.75,4.67,802.40K,-0.84%
2018-05-25,4.75,4.73,4.75,4.68,4.14M,0.42%
2018-05-24,4.73,4.73,4.75,4.70,2.18M,0.21%
2018-05-23,4.72,4.76,4.76,4.71,5.86M,-0.84%
2018-05-22,4.76,4.80,4.80,4.70,5.92M,-0.63%
2018-05-21,4.79,4.79,4.81,4.76,4.90M,0.84%
2018-05-18,4.75,4.75,4.76,4.70,4.92M,0.00%
2018-05-17,4.75,4.80,4.80,4.74,5.45M,0.00%
2018-05-16,4.75,4.70,4.79,4.70,3.29M,0.00%
2018-05-15,4.75,4.60,4.77,4.60,6.05M,1.71%
2018-05-14,4.67,4.55,4.81,4.55,7.55M,0.00%
2018-05-08,4.67,4.65,4.77,4.65,2.20M,-0.43%
2018-05-07,4.69,4.65,4.77,4.62,2.09M,-1.05%
2018-05-04,4.74,4.67,4.78,4.67,1.57M,-0.63%
2018-05-03,4.77,4.73,4.79,4.71,3.04M,-0.42%
2018-05-02,4.79,4.75,4.79,4.68,5.63M,0.00%
2018-04-30,4.79,4.78,4.80,4.73,5.19M,0.00%
2018-04-27,4.79,4.80,4.80,4.77,3.69M,0.42%
2018-04-26,4.77,4.78,4.80,4.77,1.93M,0.42%
2018-04-25,4.75,4.72,4.77,4.72,4.14M,-0.63%
2018-04-24,4.78,4.73,4.79,4.72,2.63M,0.00%
2018-04-23,4.78,4.72,4.80,4.72,4.15M,0.00%
2018-04-20,4.78,4.80,4.80,4.74,2.78M,-0.21%
2018-04-19,4.79,4.80,4.81,4.77,3.46M,0.00%
2018-04-18,4.79,4.80,4.80,4.73,1.69M,0.42%
2018-04-17,4.77,4.79,4.80,4.76,2.79M,-0.42%
2018-04-16,4.79,4.80,4.80,4.75,2.31M,0.00%
2018-04-13,4.79,4.72,4.80,4.72,2.30M,0.42%
2018-04-12,4.77,4.77,4.77,4.73,2.18M,0.42%
2018-04-11,4.75,4.71,4.78,4.71,593.80K,0.21%
2018-04-10,4.74,4.68,4.74,4.65,2.81M,1.07%
2018-04-09,4.69,4.64,4.74,4.64,2.16M,-0.21%
2018-04-06,4.70,4.75,4.76,4.63,840.10K,-0.21%
2018-04-05,4.71,4.66,4.76,4.66,870.20K,0.86%
2018-04-04,4.67,4.80,4.80,4.67,3.61M,-2.30%
2018-04-03,4.78,4.78,4.80,4.78,2.24M,0.00%
2018-04-02,4.78,4.80,4.80,4.78,1.97M,-0.21%
2018-03-30,4.79,4.80,4.81,4.76,1.73M,0.21%
2018-03-29,4.78,4.80,4.81,4.75,4.02M,-0.42%
2018-03-28,4.80,4.80,4.81,4.67,4.52M,0.00%
2018-03-27,4.80,4.80,4.80,4.78,1.75M,0.21%
2018-03-26,4.79,4.79,4.79,4.72,1.99M,0.21%
2018-03-23,4.78,4.71,4.78,4.68,2.12M,0.63%
2018-03-22,4.75,4.67,4.79,4.66,2.91M,1.71%
2018-03-21,4.67,4.65,4.68,4.62,2.47M,0.21%
2018-03-20,4.66,4.61,4.67,4.53,1.80M,1.08%
2018-03-19,4.61,4.57,4.62,4.55,2.12M,0.66%
2018-03-16,4.58,4.70,4.70,4.57,9.53M,-2.14%
2018-03-15,4.68,4.74,4.75,4.58,11.98M,-1.27%
2018-03-14,4.74,4.75,4.75,4.72,3.99M,-0.21%
2018-03-13,4.75,4.73,4.75,4.72,3.01M,0.42%
2018-03-12,4.73,4.73,4.76,4.68,1.61M,0.21%
2018-03-09,4.72,4.73,4.73,4.69,6.73M,0.21%
2018-03-08,4.71,4.68,4.75,4.68,3.69M,0.64%
2018-03-07,4.68,4.69,4.70,4.67,3.18M,-0.21%
2018-03-06,4.69,4.68,4.70,4.67,6.17M,0.43%
2018-03-05,4.67,4.67,4.68,4.62,5.38M,-0.21%
2018-03-02,4.68,4.61,4.68,4.60,3.37M,1.52%
2018-03-01,4.61,4.58,4.61,4.58,1.35M,0.66%
2018-02-28,4.58,4.67,4.67,4.55,4.17M,-2.14%
2018-02-27,4.68,4.68,4.68,4.66,4.19M,0.00%
2018-02-26,4.68,4.68,4.70,4.65,5.72M,0.00%
2018-02-23,4.68,4.68,4.69,4.62,7.11M,0.21%
2018-02-22,4.67,4.66,4.67,4.64,1.45M,0.43%
2018-02-21,4.65,4.64,4.65,4.63,3.68M,0.22%
2018-02-20,4.64,4.61,4.66,4.59,1.55M,0.43%
2018-02-19,4.62,4.62,4.67,4.61,2.20M,0.43%
2018-02-15,4.60,4.60,4.62,4.55,2.12M,0.00%
2018-02-14,4.60,4.59,4.61,4.58,2.94M,0.22%
2018-02-13,4.59,4.56,4.60,4.56,4.25M,0.44%
2018-02-12,4.57,4.56,4.59,4.52,5.34M,0.00%
2018-02-09,4.57,4.49,4.57,4.49,3.51M,0.00%
2018-02-08,4.57,4.54,4.58,4.53,3.11M,0.00%
2018-02-07,4.57,4.55,4.60,4.54,6.12M,1.56%
2018-02-06,4.50,4.48,4.56,4.47,10.13M,-0.88%
2018-02-05,4.54,4.55,4.57,4.48,4.17M,-1.09%
2018-02-02,4.59,4.58,4.60,4.56,5.88M,0.22%
2018-01-30,4.58,4.54,4.58,4.52,6.30M,0.66%
2018-01-29,4.55,4.59,4.59,4.49,9.69M,-0.87%
2018-01-26,4.59,4.55,4.59,4.54,4.92M,0.66%
2018-01-25,4.56,4.56,4.56,4.53,4.70M,0.22%
2018-01-24,4.55,4.56,4.56,4.48,9.09M,-0.22%
2018-01-23,4.56,4.56,4.57,4.53,3.24M,0.00%
2018-01-22,4.56,4.55,4.56,4.53,4.18M,0.22%
2018-01-19,4.55,4.55,4.56,4.45,7.64M,0.00%
2018-01-18,4.55,4.57,4.57,4.52,7.50M,0.00%
2018-01-17,4.55,4.52,4.55,4.52,9.07M,0.66%
2018-01-16,4.52,4.53,4.56,4.46,8.93M,-0.22%
2018-01-15,4.53,4.53,4.55,4.52,6.35M,0.00%
2018-01-12,4.53,4.58,4.59,4.49,3.70M,-0.66%
2018-01-11,4.56,4.56,4.56,4.49,5.36M,0.22%
2018-01-10,4.55,4.56,4.57,4.52,6.53M,-0.22%
2018-01-09,4.56,4.54,4.57,4.53,4.29M,0.66%
2018-01-08,4.53,4.50,4.57,4.44,3.44M,0.89%
2018-01-05,4.49,4.48,4.52,4.44,2.17M,0.00%
2018-01-04,4.49,4.43,4.51,4.41,2.63M,1.58%
2018-01-03,4.42,4.43,4.46,4.41,2.81M,-0.23%
2018-01-02,4.43,4.42,4.45,4.39,1.91M,0.00%
2017-12-29,4.43,4.39,4.43,4.38,1.01M,0.91%
2017-12-28,4.39,4.39,4.43,4.36,527.30K,-0.68%
2017-12-27,4.42,4.43,4.44,4.36,712.60K,-0.47%
2017-12-26,4.44,4.43,4.46,4.40,978.50K,0.00%
2017-12-22,4.44,4.36,4.44,4.35,1.25M,2.02%
2017-12-21,4.35,4.30,4.36,4.30,2.39M,1.14%
2017-12-20,4.30,4.25,4.34,4.23,8.25M,1.61%
2017-12-19,4.24,4.28,4.31,4.22,20.21M,-1.58%
2017-12-18,4.30,4.30,4.35,4.30,12.82M,0.00%
2017-12-15,4.30,4.37,4.37,4.26,22.09M,-1.35%
2017-12-14,4.36,4.35,4.37,4.33,11.61M,0.23%
2017-12-13,4.35,4.37,4.37,4.32,9.82M,-0.23%
2017-12-12,4.36,4.34,4.37,4.34,9.64M,0.00%
2017-12-11,4.36,4.38,4.38,4.32,10.62M,-0.43%
2017-12-08,4.38,4.38,4.43,4.34,9.36M,-0.23%
2017-12-07,4.39,4.38,4.40,4.34,12.54M,0.90%
2017-12-06,4.35,4.40,4.43,4.32,2.92M,-0.89%
2017-12-05,4.39,4.36,4.40,4.34,1.01M,0.90%
2017-12-04,4.35,4.37,4.44,4.32,1.52M,0.00%
2017-11-30,4.35,4.35,4.47,4.30,11.03M,0.44%
2017-11-29,4.33,4.30,4.34,4.28,1.59M,0.46%
2017-11-28,4.31,4.32,4.37,4.31,2.79M,-0.67%
2017-11-27,4.34,4.32,4.37,4.28,1.62M,0.00%
2017-11-24,4.34,4.41,4.41,4.32,2.56M,-1.56%
2017-11-23,4.41,4.43,4.43,4.39,1.16M,-0.65%
2017-11-22,4.44,4.39,4.44,4.34,2.00M,1.55%
2017-11-21,4.37,4.33,4.39,4.33,1.28M,0.90%
2017-11-20,4.33,4.35,4.35,4.26,3.42M,0.00%
2017-11-17,4.33,4.30,4.37,4.30,1.54M,0.00%
2017-11-16,4.33,4.28,4.37,4.28,3.42M,0.23%
2017-11-15,4.32,4.26,4.33,4.26,3.74M,1.62%
2017-11-14,4.26,4.31,4.31,4.21,7.38M,-1.37%
2017-11-13,4.31,4.35,4.37,4.31,2.43M,-1.78%
2017-11-10,4.39,4.34,4.40,4.34,2.46M,0.66%
2017-11-09,4.36,4.35,4.40,4.34,1.81M,0.23%
2017-11-08,4.35,4.44,4.45,4.34,2.24M,-1.11%
2017-11-07,4.40,4.45,4.45,4.37,2.55M,-1.74%
2017-11-06,4.48,4.39,4.48,4.34,690.90K,2.45%
2017-11-03,4.37,4.41,4.41,4.36,2.00M,-0.43%
2017-11-02,4.39,4.37,4.40,4.34,2.07M,0.43%
2017-11-01,4.37,4.37,4.39,4.33,492.20K,0.46%
2017-10-31,4.35,4.44,4.44,4.32,4.72M,-1.34%
2017-10-30,4.41,4.38,4.44,4.38,1.88M,0.68%
2017-10-27,4.38,4.37,4.38,4.34,3.61M,0.21%
2017-10-26,4.37,4.36,4.42,4.35,2.92M,0.46%
2017-10-25,4.35,4.39,4.39,4.33,4.12M,-0.89%
2017-10-24,4.39,4.32,4.39,4.32,1.81M,1.57%
2017-10-23,4.32,4.38,4.38,4.31,323.70K,-0.67%
2017-10-20,4.35,4.38,4.40,4.33,4.07M,-0.66%
2017-10-19,4.38,4.45,4.48,4.38,2.97M,-1.11%
2017-10-17,4.43,4.45,4.45,4.40,1.69M,0.23%
2017-10-16,4.42,4.45,4.45,4.40,2.46M,0.00%
2017-10-13,4.42,4.43,4.43,4.40,6.10M,0.43%
2017-10-12,4.40,4.44,4.48,4.40,9.79M,0.00%
2017-10-11,4.40,4.43,4.46,4.39,12.13M,-0.23%
2017-10-10,4.41,4.43,4.43,4.40,11.29M,-0.20%
2017-10-09,4.42,4.43,4.43,4.41,10.19M,-0.23%
2017-10-06,4.43,4.44,4.44,4.42,5.30M,0.23%
2017-10-05,4.42,4.44,4.44,4.41,8.53M,0.00%
2017-10-04,4.42,4.47,4.47,4.40,7.45M,-0.23%
2017-10-03,4.43,4.42,4.51,4.40,10.95M,0.23%
2017-10-02,4.42,4.43,4.45,4.39,10.58M,-0.23%
2017-09-29,4.43,4.47,4.49,4.43,14.59M,-0.87%
2017-09-28,4.47,4.40,4.48,4.40,6.13M,1.54%
2017-09-27,4.40,4.46,4.46,4.40,1.78M,-0.43%
2017-09-26,4.42,4.47,4.47,4.41,1.57M,-0.45%
2017-09-25,4.44,4.53,4.53,4.44,989.80K,-1.09%
2017-09-21,4.49,4.47,4.53,4.46,1.17M,-0.64%
2017-09-20,4.52,4.54,4.55,4.50,2.65M,-0.44%
2017-09-19,4.54,4.54,4.56,4.46,5.25M,-0.63%
2017-09-18,4.57,4.52,4.58,4.46,6.12M,0.44%
2017-09-15,4.55,4.45,4.55,4.44,15.58M,2.64%
2017-09-14,4.43,4.54,4.54,4.43,6.42M,-2.16%
2017-09-13,4.53,4.55,4.64,4.51,17.65M,1.98%
2017-09-12,4.44,4.40,4.45,4.40,1.27M,0.45%
2017-09-11,4.42,4.46,4.46,4.41,1.51M,-0.45%
2017-09-08,4.44,4.45,4.46,4.42,3.25M,-0.22%
2017-09-07,4.45,4.42,4.45,4.41,3.51M,0.68%
2017-09-06,4.42,4.41,4.42,4.40,2.26M,0.00%
2017-09-05,4.42,4.45,4.48,4.38,3.07M,-0.23%
2017-08-30,4.43,4.37,4.44,4.37,3.09M,0.66%
2017-08-29,4.40,4.41,4.44,4.39,1.48M,-0.43%
2017-08-28,4.42,4.42,4.44,4.41,1.05M,-0.45%
2017-08-25,4.44,4.40,4.45,4.40,670.20K,-0.87%
2017-08-24,4.48,4.43,4.49,4.37,2.78M,2.00%
2017-08-23,4.39,4.40,4.41,4.38,3.98M,0.00%
2017-08-22,4.39,4.39,4.42,4.38,6.21M,0.00%
2017-08-21,4.39,4.39,4.42,4.36,2.69M,-1.33%
2017-08-18,4.45,4.34,4.45,4.32,1.94M,2.02%
2017-08-17,4.36,4.40,4.41,4.33,2.28M,-0.23%
2017-08-16,4.37,4.35,4.42,4.34,1.23M,0.46%
2017-08-15,4.35,4.34,4.39,4.34,2.44M,0.00%
2017-08-14,4.35,4.34,4.37,4.34,1.51M,0.44%
2017-08-11,4.33,4.37,4.38,4.33,2.19M,-1.10%
2017-08-10,4.38,4.36,4.39,4.35,1.28M,0.21%
2017-08-09,4.37,4.36,4.41,4.36,1.10M,-0.43%
2017-08-08,4.39,4.40,4.41,4.39,2.15M,-0.23%
2017-08-07,4.40,4.35,4.40,4.34,679.50K,1.13%
2017-08-04,4.35,4.34,4.35,4.34,980.00K,0.00%
2017-08-03,4.35,4.34,4.36,4.34,1.85M,0.23%
2017-08-02,4.34,4.36,4.36,4.34,2.33M,-0.46%
2017-08-01,4.36,4.34,4.36,4.34,2.52M,0.00%
2017-07-31,4.36,4.36,4.37,4.31,5.14M,0.00%
2017-07-28,4.36,4.37,4.39,4.36,2.67M,-0.23%
2017-07-27,4.37,4.35,4.37,4.35,1.88M,-0.66%
2017-07-26,4.40,4.37,4.40,4.32,2.49M,0.66%
2017-07-25,4.37,4.37,4.39,4.35,3.48M,0.00%
2017-07-24,4.37,4.35,4.38,4.35,2.80M,0.00%
2017-07-21,4.37,4.37,4.38,4.35,2.16M,-0.21%
2017-07-20,4.38,4.38,4.39,4.37,2.63M,0.00%
2017-07-19,4.38,4.39,4.39,4.35,2.54M,0.00%
2017-07-18,4.38,4.38,4.39,4.37,1.54M,-0.23%
2017-07-17,4.39,4.40,4.40,4.38,1.37M,0.23%
2017-07-14,4.38,4.40,4.40,4.36,1.22M,-0.45%
2017-07-13,4.40,4.39,4.40,4.38,3.56M,0.46%
2017-07-12,4.38,4.38,4.38,4.37,2.50M,0.21%
2017-07-11,4.37,4.35,4.41,4.35,1.11M,-0.21%
2017-07-10,4.38,4.35,4.39,4.34,2.65M,0.44%
2017-07-07,4.36,4.50,4.50,4.35,1.97M,-3.04%
2017-07-06,4.50,4.35,4.50,4.34,572.00K,3.38%
2017-07-05,4.35,4.35,4.37,4.34,665.70K,0.00%
2017-07-04,4.35,4.36,4.37,4.35,929.00K,-0.46%
2017-07-03,4.37,4.36,4.42,4.35,2.64M,0.69%
2017-06-30,4.34,4.38,4.38,4.31,5.55M,-1.12%
2017-06-29,4.39,4.37,4.40,4.34,949.90K,1.13%
2017-06-28,4.34,4.35,4.38,4.32,1.70M,-0.69%
2017-06-23,4.37,4.35,4.38,4.35,1.09M,0.00%
2017-06-22,4.37,4.38,4.38,4.34,1.15M,-0.21%
2017-06-21,4.38,4.37,4.47,4.34,2.38M,-0.23%
2017-06-20,4.39,4.39,4.40,4.38,1.29M,0.00%
2017-06-19,4.39,4.47,4.49,4.39,355.00K,-1.74%
2017-06-16,4.47,4.39,4.47,4.38,5.20M,2.45%
2017-06-15,4.36,4.38,4.39,4.36,2.99M,-0.43%
2017-06-14,4.38,4.45,4.45,4.33,4.47M,-0.68%
2017-06-13,4.41,4.36,4.44,4.36,6.29M,-0.43%
2017-06-09,4.43,4.40,4.43,4.40,2.10M,0.23%
2017-06-08,4.42,4.43,4.44,4.41,2.60M,-0.23%
2017-06-07,4.43,4.40,4.44,4.40,2.15M,-0.23%
2017-06-06,4.44,4.39,4.44,4.39,2.69M,0.66%
2017-06-05,4.41,4.32,4.44,4.32,3.75M,0.68%
2017-06-02,4.38,4.36,4.38,4.32,2.20M,0.90%
2017-06-01,4.34,4.40,4.42,4.30,5.47M,-2.21%
2017-05-31,4.44,4.48,4.48,4.41,6.13M,0.00%
2017-05-30,4.44,4.48,4.48,4.40,715.40K,-0.22%
2017-05-29,4.45,4.43,4.47,4.39,1.48M,-0.43%
2017-05-26,4.47,4.46,4.49,4.46,2.40M,0.22%
2017-05-25,4.46,4.44,4.46,4.43,1.50M,0.88%
2017-05-24,4.42,4.42,4.44,4.40,2.78M,0.43%
2017-05-23,4.40,4.44,4.44,4.39,3.18M,-0.65%
2017-05-22,4.43,4.42,4.46,4.40,3.88M,0.23%
2017-05-19,4.42,4.44,4.44,4.40,2.65M,-0.45%
2017-05-18,4.44,4.44,4.46,4.41,2.54M,-1.09%
2017-05-17,4.49,4.51,4.51,4.45,839.80K,-0.86%
2017-05-16,4.53,4.51,4.56,4.44,4.87M,0.00%
2017-05-15,4.53,4.53,4.53,4.48,2.47M,0.00%
2017-05-12,4.53,4.51,4.53,4.49,3.86M,0.44%
2017-05-11,4.51,4.51,4.52,4.48,9.53M,0.65%
2017-05-09,4.48,4.50,4.50,4.45,3.50M,-0.22%
2017-05-08,4.49,4.45,4.49,4.45,5.46M,0.67%
2017-05-05,4.46,4.44,4.48,4.44,3.00M,0.43%
2017-05-04,4.44,4.42,4.46,4.40,3.80M,0.89%
2017-05-03,4.40,4.43,4.49,4.38,5.27M,-1.74%
2017-05-02,4.48,4.50,4.50,4.43,3.40M,0.00%
2017-04-28,4.48,4.44,4.52,4.38,4.44M,-0.44%
2017-04-27,4.50,4.51,4.51,4.45,2.87M,0.22%
2017-04-26,4.49,4.47,4.49,4.42,5.53M,1.10%
2017-04-25,4.44,4.45,4.48,4.43,6.08M,0.23%
2017-04-21,4.43,4.43,4.46,4.41,3.58M,0.23%
2017-04-20,4.42,4.38,4.44,4.38,5.17M,0.66%
2017-04-19,4.39,4.32,4.41,4.32,5.89M,1.13%
2017-04-18,4.34,4.31,4.38,4.31,4.98M,0.67%
2017-04-17,4.31,4.28,4.32,4.28,5.05M,0.44%
2017-04-14,4.30,4.32,4.32,4.28,5.02M,0.00%
2017-04-13,4.30,4.39,4.39,4.28,9.41M,-2.21%
2017-04-12,4.39,4.39,4.41,4.38,3.26M,0.00%
2017-04-11,4.39,4.46,4.47,4.38,5.78M,-1.96%
2017-04-10,4.48,4.52,4.52,4.43,3.24M,-0.86%
2017-04-07,4.52,4.52,4.52,4.49,5.55M,0.42%
2017-04-06,4.50,4.53,4.54,4.50,6.70M,-0.86%
2017-04-05,4.54,4.53,4.55,4.52,3.60M,0.44%
2017-04-04,4.52,4.50,4.53,4.50,5.70M,0.22%
2017-04-03,4.51,4.52,4.55,4.51,7.53M,-0.66%
2017-03-31,4.54,4.54,4.56,4.50,6.91M,-0.42%
2017-03-30,4.56,4.55,4.57,4.55,3.53M,0.42%
2017-03-29,4.54,4.62,4.62,4.54,7.84M,-1.26%
2017-03-28,4.60,4.62,4.64,4.58,4.50M,-2.19%
2017-03-27,4.70,4.72,4.72,4.69,4.84M,0.86%
2017-03-24,4.66,4.69,4.70,4.66,3.31M,-0.64%
2017-03-23,4.69,4.76,4.77,4.68,7.19M,-1.68%
2017-03-22,4.77,4.68,4.77,4.66,3.55M,1.49%
2017-03-21,4.70,4.73,4.74,4.67,5.46M,0.43%
2017-03-20,4.68,4.70,4.74,4.66,4.62M,-0.21%
2017-03-17,4.69,4.72,4.74,4.68,7.42M,-0.21%
2017-03-16,4.70,4.69,4.73,4.68,7.29M,0.86%
2017-03-15,4.66,4.66,4.68,4.60,7.96M,-0.64%
2017-03-14,4.69,4.70,4.79,4.67,8.61M,0.21%
2017-03-13,4.68,4.66,4.69,4.64,4.40M,0.43%
2017-03-10,4.66,4.66,4.70,4.64,6.18M,-0.64%
2017-03-09,4.69,4.72,4.72,4.67,4.31M,0.00%
2017-03-08,4.69,4.75,4.77,4.67,6.27M,-2.49%
2017-03-07,4.81,4.71,4.81,4.71,5.97M,2.34%
2017-03-06,4.70,4.65,4.74,4.65,3.74M,0.00%
2017-03-03,4.70,4.69,4.73,4.67,4.60M,-1.67%
2017-03-02,4.78,4.66,4.78,4.66,5.35M,2.14%
2017-03-01,4.68,4.65,4.70,4.65,7.09M,0.00%
2017-02-28,4.68,4.70,4.70,4.66,11.47M,-0.43%
2017-02-27,4.70,4.65,4.71,4.65,6.40M,0.21%
2017-02-24,4.69,4.65,4.71,4.60,8.29M,1.96%
2017-02-23,4.60,4.63,4.70,4.58,11.48M,0.00%
2017-02-22,4.60,4.51,4.60,4.51,8.62M,2.00%
2017-02-21,4.51,4.57,4.61,4.50,8.52M,-2.59%
2017-02-20,4.63,4.63,4.66,4.63,4.09M,0.00%
2017-02-17,4.63,4.68,4.69,4.62,4.44M,-1.07%
2017-02-16,4.68,4.70,4.72,4.68,2.58M,-0.21%
2017-02-15,4.69,4.72,4.77,4.69,7.50M,-0.21%
2017-02-14,4.70,4.69,4.71,4.67,8.62M,0.21%
2017-02-13,4.69,4.65,4.69,4.64,7.23M,1.08%
2017-02-10,4.64,4.60,4.65,4.59,6.59M,1.53%
2017-02-08,4.57,4.64,4.65,4.54,8.16M,-1.51%
2017-02-07,4.64,4.66,4.70,4.62,6.53M,-0.43%
2017-02-06,4.66,4.62,4.71,4.60,11.17M,0.87%
2017-02-03,4.62,4.55,4.62,4.54,10.15M,1.54%
2017-02-02,4.55,4.43,4.56,4.43,7.53M,3.17%
2017-01-31,4.41,4.47,4.50,4.41,5.81M,-2.00%
2017-01-27,4.50,4.50,4.51,4.48,3.68M,0.00%
2017-01-26,4.50,4.50,4.54,4.49,4.88M,0.00%
2017-01-25,4.50,4.50,4.51,4.48,4.18M,0.45%
2017-01-24,4.48,4.47,4.50,4.47,3.97M,0.67%
2017-01-23,4.45,4.49,4.50,4.45,4.37M,-1.11%
2017-01-20,4.50,4.47,4.50,4.47,2.76M,0.22%
2017-01-19,4.49,4.50,4.50,4.44,4.87M,0.00%
2017-01-18,4.49,4.49,4.50,4.47,1.33M,0.00%
2017-01-17,4.49,4.49,4.50,4.47,1.54M,0.67%
2017-01-16,4.46,4.51,4.51,4.46,1.11M,-0.67%
2017-01-13,4.49,4.50,4.52,4.48,1.95M,0.22%
2017-01-12,4.48,4.50,4.54,4.46,5.04M,-0.44%
2017-01-11,4.50,4.49,4.50,4.44,4.80M,0.00%
2017-01-10,4.50,4.50,4.51,4.47,5.57M,0.00%
2017-01-09,4.50,4.51,4.54,4.46,4.63M,0.00%
2017-01-06,4.50,4.46,4.53,4.44,8.51M,1.35%
2017-01-05,4.44,4.41,4.45,4.39,4.62M,0.68%
2017-01-04,4.41,4.47,4.47,4.40,2.37M,-0.45%
2017-01-03,4.43,4.40,4.43,4.38,2.96M,0.68%
2016-12-30,4.40,4.42,4.51,4.40,2.30M,-0.45%
2016-12-29,4.42,4.35,4.43,4.35,2.05M,1.61%
2016-12-28,4.35,4.43,4.43,4.35,5.13M,-0.91%
2016-12-27,4.39,4.37,4.40,4.35,1.61M,0.69%
2016-12-23,4.36,4.38,4.44,4.35,992.80K,-0.68%
2016-12-22,4.39,4.37,4.41,4.37,2.40M,0.23%
2016-12-21,4.38,4.41,4.41,4.38,3.78M,-0.23%
2016-12-20,4.39,4.37,4.44,4.36,3.44M,0.23%
2016-12-19,4.38,4.41,4.41,4.36,2.50M,-1.13%
2016-12-16,4.43,4.41,4.48,4.38,8.21M,0.68%
2016-12-15,4.40,4.38,4.41,4.36,3.19M,0.00%
2016-12-14,4.40,4.45,4.45,4.39,4.17M,0.00%
2016-12-13,4.40,4.40,4.45,4.38,4.35M,0.23%
2016-12-09,4.39,4.37,4.40,4.36,2.32M,-0.23%
2016-12-08,4.40,4.40,4.41,4.36,2.80M,0.46%
2016-12-07,4.38,4.39,4.39,4.36,4.59M,0.00%
2016-12-06,4.38,4.37,4.39,4.36,2.13M,0.23%
2016-12-05,4.37,4.35,4.40,4.35,4.89M,-0.23%
2016-12-02,4.38,4.36,4.39,4.35,1.90M,0.46%
2016-12-01,4.36,4.35,4.48,4.35,3.08M,0.23%
2016-11-30,4.35,4.35,4.38,4.35,7.52M,-0.23%
2016-11-29,4.36,4.38,4.38,4.34,8.08M,0.00%
2016-11-28,4.36,4.36,4.39,4.35,3.06M,0.00%
2016-11-25,4.36,4.36,4.41,4.35,1.32M,-0.46%
2016-11-24,4.38,4.36,4.42,4.36,1.80M,-0.45%
2016-11-23,4.40,4.40,4.42,4.37,4.63M,0.92%
2016-11-22,4.36,4.39,4.39,4.35,3.64M,0.00%
2016-11-21,4.36,4.38,4.38,4.35,4.76M,-0.23%
2016-11-18,4.37,4.38,4.39,4.35,4.00M,-0.23%
2016-11-17,4.38,4.38,4.40,4.36,5.46M,-0.68%
2016-11-16,4.41,4.36,4.42,4.36,2.76M,0.68%
2016-11-15,4.38,4.34,4.42,4.34,2.71M,0.46%
2016-11-14,4.36,4.33,4.38,4.32,3.29M,0.00%
2016-11-11,4.36,4.37,4.40,4.34,6.61M,-0.68%
2016-11-10,4.39,4.38,4.47,4.37,7.45M,0.69%
2016-11-09,4.36,4.47,4.48,4.35,9.45M,-2.02%
2016-11-08,4.45,4.40,4.45,4.39,4.99M,1.83%
2016-11-07,4.37,4.37,4.40,4.37,1.76M,0.00%
2016-11-04,4.37,4.33,4.39,4.33,3.82M,0.46%
2016-11-03,4.35,4.35,4.42,4.35,4.60M,-1.14%
2016-11-02,4.40,4.47,4.47,4.30,6.36M,-1.57%
2016-11-01,4.47,4.48,4.51,4.44,1.61M,-0.67%
2016-10-31,4.50,4.55,4.56,4.47,4.27M,-0.88%
2016-10-28,4.54,4.50,4.54,4.46,2.04M,0.67%
2016-10-27,4.51,4.51,4.55,4.44,7.39M,0.22%
2016-10-26,4.50,4.48,4.52,4.47,2.54M,-0.22%
2016-10-25,4.51,4.52,4.53,4.47,3.41M,0.22%
2016-10-24,4.50,4.51,4.53,4.47,3.72M,-0.22%
2016-10-21,4.51,4.47,4.52,4.43,4.19M,0.45%
2016-10-20,4.49,4.50,4.50,4.46,1.15M,-0.22%
2016-10-19,4.50,4.49,4.53,4.46,2.06M,0.22%
2016-10-18,4.49,4.46,4.49,4.42,2.43M,0.90%
2016-10-17,4.45,4.48,4.48,4.40,2.55M,0.00%
2016-10-14,4.45,4.46,4.46,4.42,1.85M,-0.22%
2016-10-13,4.46,4.50,4.52,4.42,4.91M,-0.89%
2016-10-12,4.50,4.44,4.52,4.44,1.73M,0.00%
2016-10-11,4.50,4.49,4.51,4.45,1.83M,1.12%
2016-10-10,4.45,4.43,4.48,4.42,964.70K,0.68%
2016-10-07,4.42,4.38,4.45,4.35,7.58M,1.61%
2016-10-06,4.35,4.45,4.45,4.35,5.73M,-1.58%
2016-10-05,4.42,4.50,4.50,4.42,5.30M,-2.21%
2016-10-04,4.52,4.43,4.54,4.43,7.31M,1.57%
2016-09-30,4.45,4.46,4.52,4.45,5.65M,-1.55%
2016-09-29,4.52,4.52,4.53,4.48,4.65M,0.22%
2016-09-28,4.51,4.50,4.52,4.45,1.80M,0.45%
2016-09-27,4.49,4.48,4.49,4.45,3.51M,0.22%
2016-09-26,4.48,4.49,4.49,4.42,1.76M,0.00%
2016-09-23,4.48,4.49,4.50,4.42,2.14M,0.45%
2016-09-22,4.46,4.45,4.54,4.42,3.72M,1.13%
2016-09-21,4.41,4.43,4.48,4.40,4.77M,-0.45%
2016-09-20,4.43,4.42,4.45,4.41,4.03M,0.23%
2016-09-19,4.42,4.41,4.45,4.40,3.20M,0.45%
2016-09-15,4.40,4.43,4.46,4.40,8.20M,-1.79%
2016-09-14,4.48,4.46,4.49,4.41,6.23M,0.00%
2016-09-13,4.48,4.49,4.64,4.44,9.07M,-0.44%
2016-09-09,4.50,4.45,4.50,4.44,4.25M,0.45%
2016-09-08,4.48,4.43,4.50,4.40,7.61M,0.67%
2016-09-07,4.45,4.46,4.55,4.43,8.64M,-2.41%
2016-09-06,4.56,4.44,4.57,4.44,6.53M,1.56%
2016-09-05,4.49,4.41,4.52,4.41,5.48M,1.81%
2016-09-02,4.41,4.36,4.44,4.36,2.49M,0.23%
2016-09-01,4.40,4.42,4.43,4.34,4.21M,-0.45%
2016-08-30,4.42,4.43,4.45,4.37,6.44M,0.23%
2016-08-29,4.41,4.38,4.46,4.38,2.27M,-0.23%
2016-08-26,4.42,4.38,4.46,4.38,2.12M,0.00%
2016-08-25,4.42,4.43,4.46,4.40,4.42M,0.00%
2016-08-24,4.42,4.40,4.43,4.38,4.87M,-0.23%
2016-08-23,4.43,4.40,4.49,4.40,1.69M,-0.23%
2016-08-22,4.44,4.40,4.47,4.40,1.03M,0.00%
2016-08-19,4.44,4.40,4.46,4.40,7.17M,0.91%
2016-08-18,4.40,4.43,4.43,4.38,4.91M,0.00%
2016-08-17,4.40,4.37,4.45,4.37,4.69M,0.00%
2016-08-16,4.40,4.35,4.41,4.35,7.83M,0.00%
2016-08-15,4.40,4.35,4.41,4.35,3.58M,0.23%
2016-08-12,4.39,4.38,4.44,4.37,4.85M,0.23%
2016-08-11,4.38,4.40,4.40,4.31,7.22M,0.46%
2016-08-10,4.36,4.39,4.40,4.33,2.65M,-0.68%
2016-08-09,4.39,4.40,4.45,4.38,7.51M,-0.23%
2016-08-08,4.40,4.48,4.48,4.34,7.73M,-1.12%
2016-08-05,4.45,4.23,4.46,4.23,16.85M,5.20%
2016-08-04,4.23,4.25,4.27,4.23,2.18M,-0.24%
2016-08-03,4.24,4.22,4.39,4.22,3.12M,-0.24%
2016-08-02,4.25,4.30,4.30,4.23,4.36M,-0.70%
2016-08-01,4.28,4.27,4.29,4.24,3.92M,1.18%
2016-07-29,4.23,4.23,4.28,4.23,4.52M,-0.47%
2016-07-28,4.25,4.24,4.27,4.22,5.31M,0.00%
2016-07-27,4.25,4.24,4.27,4.22,4.45M,0.24%
2016-07-26,4.24,4.24,4.26,4.21,4.76M,-0.93%
2016-07-25,4.28,4.28,4.29,4.24,2.65M,-0.23%
2016-07-22,4.29,4.28,4.30,4.26,1.78M,-0.23%
2016-07-21,4.30,4.33,4.33,4.27,6.32M,0.00%
2016-07-20,4.30,4.31,4.33,4.26,6.07M,-1.15%
2016-07-19,4.35,4.30,4.36,4.30,8.45M,0.69%
2016-07-18,4.32,4.29,4.34,4.29,4.15M,0.00%
2016-07-15,4.32,4.34,4.40,4.27,6.26M,0.00%
2016-07-14,4.32,4.33,4.38,4.32,5.05M,-1.59%
2016-07-13,4.39,4.33,4.39,4.29,6.49M,0.69%
2016-07-12,4.36,4.40,4.40,4.30,7.00M,-0.46%
2016-07-11,4.38,4.28,4.40,4.28,3.85M,2.34%
2016-07-08,4.28,4.42,4.42,4.28,3.13M,-2.06%
2016-07-05,4.37,4.35,4.40,4.35,1.37M,-0.23%
2016-07-04,4.38,4.34,4.40,4.34,3.93M,0.69%
2016-07-01,4.35,4.33,4.38,4.31,1.82M,0.23%
2016-06-30,4.34,4.34,4.40,4.33,6.15M,-0.69%
2016-06-29,4.37,4.38,4.39,4.32,4.75M,0.46%
2016-06-28,4.35,4.31,4.36,4.31,3.68M,-0.23%
2016-06-27,4.36,4.34,4.37,4.27,3.11M,0.46%
2016-06-24,4.34,4.33,4.36,4.28,7.23M,-0.23%
2016-06-23,4.35,4.32,4.38,4.31,7.31M,0.00%
2016-06-21,4.35,4.38,4.39,4.31,3.93M,-0.46%
2016-06-20,4.37,4.35,4.37,4.27,5.92M,1.39%
2016-06-17,4.31,4.25,4.33,4.23,9.44M,0.23%
2016-06-16,4.30,4.28,4.34,4.25,7.36M,-0.69%
2016-06-15,4.33,4.23,4.34,4.23,9.52M,0.93%
2016-06-14,4.29,4.33,4.33,4.22,6.74M,-0.92%
2016-06-13,4.33,4.31,4.35,4.22,5.99M,0.00%
2016-06-10,4.33,4.34,4.40,4.32,8.53M,-0.69%
2016-06-09,4.36,4.39,4.39,4.35,9.38M,0.00%
2016-06-08,4.36,4.35,4.42,4.35,10.86M,-0.91%
2016-06-07,4.40,4.28,4.41,4.28,19.21M,3.04%
2016-06-06,4.27,4.21,4.28,4.20,6.07M,1.43%
2016-06-03,4.21,4.14,4.22,4.14,9.16M,0.96%
2016-06-02,4.17,4.14,4.18,4.12,8.09M,0.48%
2016-06-01,4.15,4.10,4.18,4.10,10.98M,0.24%
2016-05-31,4.14,4.18,4.26,4.14,72.51M,-0.96%
2016-05-30,4.18,4.22,4.22,4.10,7.56M,-1.42%
2016-05-27,4.24,4.25,4.26,4.22,6.09M,0.00%
2016-05-26,4.24,4.21,4.26,4.21,4.51M,0.47%
2016-05-25,4.22,4.23,4.23,4.17,7.68M,0.48%
2016-05-24,4.20,4.20,4.24,4.16,9.44M,-0.94%
2016-05-23,4.24,4.18,4.24,4.16,8.39M,1.44%
2016-05-20,4.18,4.27,4.27,4.18,8.23M,-1.88%
2016-05-19,4.26,4.22,4.31,4.19,12.84M,1.91%
2016-05-18,4.18,4.15,4.25,4.12,13.76M,0.00%
2016-05-17,4.18,4.12,4.18,4.10,11.42M,1.46%
2016-05-16,4.12,4.13,4.14,4.07,13.11M,-0.24%
2016-05-13,4.13,4.22,4.23,4.08,26.54M,-2.36%
2016-05-12,4.23,4.18,4.25,4.18,7.55M,0.95%
2016-05-11,4.19,4.17,4.22,4.15,8.74M,0.24%
2016-05-10,4.18,4.16,4.20,4.09,6.87M,0.48%
2016-05-09,4.16,4.30,4.31,4.16,7.24M,-3.26%
2016-05-06,4.30,4.26,4.31,4.21,6.19M,0.70%
2016-05-05,4.27,4.36,4.37,4.26,8.74M,-2.73%
2016-05-04,4.39,4.37,4.41,4.35,5.96M,-0.23%
2016-05-03,4.40,4.40,4.48,4.37,4.41M,-0.45%
2016-04-29,4.42,4.38,4.45,4.38,5.41M,0.00%
2016-04-28,4.42,4.40,4.45,4.37,5.39M,0.23%
2016-04-27,4.41,4.37,4.45,4.37,6.10M,0.92%
2016-04-26,4.37,4.45,4.46,4.34,4.48M,-1.35%
2016-04-25,4.43,4.41,4.46,4.41,2.51M,-0.45%
2016-04-22,4.45,4.46,4.48,4.41,916.00K,-0.22%
2016-04-21,4.46,4.39,4.48,4.39,6.04M,0.90%
2016-04-20,4.42,4.45,4.47,4.33,10.25M,-1.12%
2016-04-19,4.47,4.49,4.53,4.45,7.18M,-0.45%
2016-04-18,4.49,4.51,4.52,4.48,3.40M,-0.66%
2016-04-15,4.52,4.51,4.57,4.49,4.67M,0.44%
2016-04-14,4.50,4.53,4.58,4.50,7.11M,-0.66%
2016-04-13,4.53,4.47,4.54,4.47,5.94M,1.34%
2016-04-12,4.47,4.52,4.52,4.46,2.87M,-0.89%
2016-04-11,4.51,4.49,4.51,4.44,2.11M,0.00%
2016-04-08,4.51,4.47,4.51,4.44,6.05M,0.45%
2016-04-07,4.49,4.58,4.59,4.47,9.44M,-1.97%
2016-04-06,4.58,4.57,4.58,4.52,5.36M,0.66%
2016-04-05,4.55,4.57,4.58,4.53,4.33M,-0.44%
2016-04-04,4.57,4.51,4.59,4.48,5.00M,0.66%
2016-04-01,4.54,4.56,4.61,4.48,11.51M,-0.66%
2016-03-31,4.57,4.70,4.70,4.53,17.43M,-2.35%
2016-03-30,4.68,4.66,4.70,4.61,11.25M,0.43%
2016-03-29,4.66,4.64,4.73,4.60,15.86M,0.65%
2016-03-28,4.63,4.65,4.66,4.54,4.66M,-0.43%
2016-03-25,4.65,4.80,4.80,4.48,26.03M,-3.73%
2016-03-24,4.83,4.85,4.86,4.79,7.45M,0.42%
2016-03-23,4.81,4.90,4.96,4.80,10.79M,-3.02%
2016-03-22,4.96,4.93,4.98,4.87,11.41M,0.61%
2016-03-21,4.93,4.91,4.98,4.82,13.68M,-0.80%
2016-03-18,4.97,5.00,5.04,4.95,13.06M,0.00%
2016-03-17,4.97,4.99,5.02,4.95,13.74M,0.40%
2016-03-16,4.95,4.86,4.99,4.86,8.39M,0.00%
2016-03-15,4.95,5.00,5.00,4.92,7.27M,-1.00%
2016-03-14,5.00,4.98,5.01,4.97,13.53M,0.81%
2016-03-11,4.96,4.83,4.98,4.82,13.23M,2.90%
2016-03-10,4.82,4.78,4.83,4.78,10.60M,1.05%
2016-03-09,4.77,4.79,4.80,4.74,6.72M,0.00%
2016-03-08,4.77,4.81,4.88,4.76,4.29M,-0.63%
2016-03-07,4.80,4.77,4.80,4.74,9.91M,0.84%
2016-03-04,4.76,4.77,4.83,4.73,10.00M,-1.04%
2016-03-03,4.81,4.77,4.83,4.77,9.84M,0.63%
2016-03-02,4.78,4.71,4.79,4.71,6.91M,1.49%
2016-03-01,4.71,4.70,4.75,4.69,4.53M,0.21%
2016-02-29,4.70,4.80,4.80,4.66,7.35M,-1.47%
2016-02-26,4.77,4.81,4.83,4.65,5.07M,-0.63%
2016-02-25,4.80,4.70,4.84,4.70,12.30M,1.27%
2016-02-24,4.74,4.73,4.80,4.72,5.10M,0.42%
2016-02-23,4.72,4.79,4.80,4.70,6.53M,0.21%
2016-02-22,4.71,4.76,4.88,4.69,10.67M,-0.84%
2016-02-19,4.75,4.95,4.98,4.75,5.38M,-3.06%
2016-02-18,4.90,4.89,4.99,4.84,16.98M,0.82%
2016-02-17,4.86,4.70,4.90,4.69,11.02M,3.40%
2016-02-16,4.70,4.70,4.74,4.66,5.71M,0.64%
2016-02-15,4.67,4.62,4.78,4.62,6.35M,0.00%
2016-02-12,4.67,4.64,4.72,4.60,5.78M,1.30%
2016-02-11,4.61,4.59,4.64,4.56,5.12M,1.54%
2016-02-10,4.54,4.80,4.80,4.54,2.28M,-4.62%
2016-02-05,4.76,4.74,4.78,4.69,5.64M,1.28%
2016-02-04,4.70,4.70,4.75,4.69,9.19M,1.08%
2016-02-03,4.65,4.53,4.79,4.53,4.77M,0.65%
2016-02-02,4.62,4.78,4.79,4.53,7.41M,-4.74%
2016-01-29,4.85,4.44,4.85,4.44,18.75M,9.48%
2016-01-28,4.43,4.38,4.44,4.32,7.62M,0.68%
2016-01-27,4.40,4.45,4.45,4.38,3.37M,0.23%
2016-01-26,4.39,4.34,4.41,4.34,4.29M,1.15%
2016-01-22,4.34,4.28,4.40,4.28,5.75M,0.23%
2016-01-21,4.33,4.35,4.35,4.30,3.94M,0.70%
2016-01-20,4.30,4.35,4.38,4.30,4.46M,-1.15%
2016-01-19,4.35,4.35,4.39,4.30,3.12M,0.23%
2016-01-18,4.34,4.37,4.37,4.27,2.26M,0.46%
2016-01-15,4.32,4.32,4.40,4.31,3.21M,0.00%
2016-01-14,4.32,4.31,4.37,4.31,2.53M,-0.46%
2016-01-13,4.34,4.40,4.40,4.31,2.05M,0.00%
2016-01-12,4.34,4.25,4.43,4.25,5.88M,0.23%
2016-01-11,4.33,4.39,4.39,4.26,2.29M,-1.37%
2016-01-08,4.39,4.40,4.43,4.33,3.68M,-0.68%
2016-01-07,4.42,4.42,4.49,4.30,6.17M,-1.78%
2016-01-06,4.50,4.45,4.51,4.36,8.12M,1.12%
2016-01-05,4.45,4.31,4.45,4.22,2.41M,5.45%
2016-01-04,4.22,4.31,4.46,4.22,3.48M,-5.38%
2015-12-31,4.46,4.47,4.48,4.38,1.75M,1.36%
2015-12-30,4.40,4.33,4.51,4.33,5.11M,1.62%
2015-12-29,4.33,4.29,4.35,4.28,8.63M,1.17%
2015-12-28,4.28,4.28,4.32,4.25,2.61M,-0.47%
2015-12-23,4.30,4.15,4.31,4.15,2.21M,3.12%
2015-12-22,4.17,4.12,4.20,4.11,2.42M,-0.24%
2015-12-21,4.18,4.18,4.23,4.08,2.60M,-0.71%
2015-12-18,4.21,4.20,4.31,4.18,8.91M,-1.64%
2015-12-17,4.28,4.14,4.28,4.14,5.88M,3.88%
2015-12-16,4.12,4.19,4.22,4.12,4.16M,0.00%
2015-12-15,4.12,4.20,4.20,4.12,2.19M,-0.72%
2015-12-14,4.15,4.13,4.22,4.11,4.00M,-0.48%
2015-12-11,4.17,4.17,4.24,4.14,2.74M,-0.95%
2015-12-10,4.21,4.24,4.27,4.18,3.42M,-0.24%
2015-12-09,4.22,4.23,4.24,4.19,1.52M,0.00%
2015-12-08,4.22,4.25,4.25,4.20,2.17M,0.24%
2015-12-07,4.21,4.23,4.27,4.19,5.62M,0.24%
2015-12-04,4.20,4.18,4.23,4.18,1.76M,-0.71%
2015-12-03,4.23,4.20,4.26,4.16,1.86M,0.00%
2015-12-02,4.23,4.35,4.35,4.23,1.46M,-2.08%
2015-12-01,4.32,4.35,4.35,4.26,6.27M,-0.69%
2015-11-30,4.35,4.35,4.35,4.22,9.89M,-0.23%
2015-11-27,4.36,4.11,4.46,4.11,13.79M,4.81%
2015-11-26,4.16,4.10,4.19,4.10,1.10M,0.00%
2015-11-25,4.16,4.14,4.19,4.13,3.12M,0.48%
2015-11-24,4.14,4.10,4.18,4.10,3.36M,0.73%
2015-11-23,4.11,4.14,4.17,4.09,1.35M,0.49%
2015-11-20,4.09,4.07,4.12,4.06,1.39M,0.00%
2015-11-19,4.09,4.17,4.20,4.06,2.66M,-0.73%
2015-11-18,4.12,4.16,4.16,4.12,4.45M,-0.72%
2015-11-17,4.15,4.14,4.28,4.08,2.83M,-0.48%
2015-11-16,4.17,4.10,4.19,4.10,1.25M,0.72%
2015-11-13,4.14,4.11,4.18,4.10,4.09M,0.24%
2015-11-12,4.13,4.22,4.26,4.13,1.80M,-3.50%
2015-11-11,4.28,4.30,4.33,4.18,3.43M,-1.38%
2015-11-09,4.34,4.35,4.35,4.30,1.52M,0.23%
2015-11-06,4.33,4.35,4.36,4.30,1.53M,-0.23%
2015-11-05,4.34,4.31,4.35,4.31,2.14M,-0.23%
2015-11-04,4.35,4.38,4.39,4.33,6.96M,0.46%
2015-11-03,4.33,4.32,4.38,4.26,4.85M,0.46%
2015-11-02,4.31,4.30,4.33,4.26,2.34M,1.17%
2015-10-30,4.26,4.33,4.33,4.18,6.81M,0.00%
2015-10-29,4.26,4.37,4.40,4.26,6.78M,-1.62%
2015-10-28,4.33,4.32,4.38,4.26,4.18M,-0.46%
2015-10-27,4.35,4.39,4.43,4.32,3.31M,-2.47%
2015-10-26,4.46,4.37,4.46,4.31,5.32M,2.76%
2015-10-23,4.34,4.41,4.41,4.32,5.31M,0.00%
2015-10-22,4.34,4.38,4.42,4.33,5.26M,-0.46%
2015-10-21,4.36,4.38,4.42,4.32,5.19M,0.00%
2015-10-20,4.36,4.44,4.44,4.33,3.32M,-0.91%
2015-10-19,4.40,4.31,4.45,4.31,3.58M,0.00%
2015-10-16,4.40,4.38,4.40,4.30,6.11M,1.85%
2015-10-15,4.32,4.40,4.41,4.31,5.77M,-0.92%
2015-10-13,4.36,4.40,4.40,4.32,5.02M,-0.91%
2015-10-12,4.40,4.43,4.46,4.31,5.26M,-0.90%
2015-10-09,4.44,4.38,4.46,4.34,9.18M,2.30%
2015-10-08,4.34,4.27,4.39,4.27,8.01M,0.93%
2015-10-07,4.30,4.15,4.35,4.15,7.74M,1.90%
2015-10-06,4.22,4.22,4.30,4.20,5.69M,1.20%
2015-10-05,4.17,4.20,4.29,4.15,4.94M,-0.71%
2015-10-02,4.20,4.24,4.25,4.12,8.30M,-4.55%
2015-10-01,4.40,4.07,4.40,4.04,12.66M,8.11%
2015-09-30,4.07,3.90,4.09,3.87,12.73M,4.09%
2015-09-29,3.91,3.88,3.91,3.78,10.59M,0.77%
2015-09-28,3.88,3.89,3.91,3.83,3.44M,0.00%
2015-09-25,3.88,3.83,3.92,3.82,5.87M,-0.51%
2015-09-23,3.90,3.87,3.92,3.83,7.63M,-1.27%
2015-09-22,3.95,3.86,3.95,3.81,6.96M,3.40%
2015-09-21,3.82,4.04,4.04,3.82,4.06M,-5.45%
2015-09-18,4.04,4.08,4.12,4.00,7.36M,-1.94%
2015-09-17,4.12,4.22,4.28,4.07,6.30M,1.48%
2015-09-15,4.06,4.05,4.08,4.02,4.33M,1.00%
2015-09-14,4.02,4.03,4.04,3.94,2.56M,0.50%
2015-09-11,4.00,3.92,4.01,3.92,4.73M,-0.50%
2015-09-10,4.02,3.88,4.03,3.83,6.74M,3.08%
2015-09-09,3.90,3.88,3.98,3.88,4.22M,1.04%
2015-09-08,3.86,3.88,3.92,3.81,3.11M,-0.77%
2015-09-07,3.89,3.85,3.89,3.83,4.33M,-0.26%
2015-09-04,3.90,3.92,3.92,3.88,2.91M,-0.26%
2015-09-03,3.91,3.92,3.93,3.85,3.22M,0.51%
2015-09-02,3.89,3.94,3.94,3.82,7.44M,-1.27%
2015-09-01,3.94,4.02,4.06,3.94,11.23M,-1.50%
2015-08-28,4.00,4.05,4.09,3.92,10.15M,0.25%
2015-08-27,3.99,3.91,4.00,3.91,4.63M,0.76%
2015-08-26,3.96,3.94,3.98,3.76,6.51M,0.25%
2015-08-25,3.95,3.81,3.95,3.70,6.73M,0.51%
2015-08-24,3.93,3.91,3.94,3.86,9.57M,-1.75%
2015-08-21,4.00,3.92,4.02,3.90,4.32M,1.27%
2015-08-20,3.95,3.93,3.97,3.92,1.92M,0.00%
2015-08-19,3.95,3.99,3.99,3.93,2.45M,0.25%
2015-08-18,3.94,3.96,3.98,3.89,5.59M,0.00%
2015-08-17,3.94,3.93,3.98,3.91,16.34M,-1.75%
2015-08-14,4.01,4.01,4.05,3.90,8.01M,-0.25%
2015-08-13,4.02,4.00,4.05,3.99,4.99M,-0.25%
2015-08-12,4.03,3.98,4.03,3.98,6.66M,-0.49%
2015-08-11,4.05,4.01,4.06,4.00,3.31M,0.00%
2015-08-10,4.05,4.01,4.06,4.01,4.29M,-0.25%
2015-08-07,4.06,4.08,4.12,4.01,3.63M,-1.69%
2015-08-06,4.13,4.28,4.28,4.13,5.43M,-3.50%
2015-08-05,4.28,4.26,4.28,4.23,1.88M,0.94%
2015-08-04,4.24,4.23,4.26,4.22,1.12M,-0.70%
2015-08-03,4.27,4.19,4.27,4.17,1.63M,0.71%
2015-07-31,4.24,4.14,4.25,4.14,4.80M,1.44%
2015-07-30,4.18,4.21,4.24,4.18,2.84M,-1.18%
2015-07-29,4.23,4.19,4.23,4.19,2.45M,0.48%
2015-07-28,4.21,4.22,4.25,4.19,2.94M,-0.24%
2015-07-27,4.22,4.20,4.23,4.13,1.82M,0.00%
2015-07-24,4.22,4.22,4.25,4.21,1.92M,-0.71%
2015-07-23,4.25,4.29,4.32,4.25,2.21M,-1.16%
2015-07-22,4.30,4.26,4.31,4.26,1.71M,-0.23%
2015-07-21,4.31,4.28,4.31,4.27,1.52M,0.70%
2015-07-20,4.28,4.31,4.31,4.25,1.29M,-0.70%
2015-07-16,4.31,4.28,4.31,4.27,1.60M,0.70%
2015-07-15,4.28,4.26,4.30,4.24,4.57M,0.94%
2015-07-14,4.24,4.26,4.26,4.20,1.77M,-0.24%
2015-07-13,4.25,4.25,4.26,4.22,2.90M,0.00%
2015-07-10,4.25,4.22,4.28,4.22,4.40M,1.67%
2015-07-09,4.18,4.10,4.24,4.10,2.83M,1.95%
2015-07-08,4.10,4.24,4.25,4.06,8.00M,-3.30%
2015-07-07,4.24,4.21,4.31,4.19,7.08M,0.95%
2015-07-06,4.20,4.10,4.22,4.08,3.62M,-0.71%
2015-07-03,4.23,4.21,4.26,4.19,4.24M,0.24%
2015-07-02,4.22,4.15,4.22,4.10,5.61M,1.93%
2015-07-01,4.14,4.06,4.17,4.05,6.61M,1.97%
2015-06-30,4.06,3.99,4.06,3.97,9.31M,1.75%
2015-06-29,3.99,3.97,4.00,3.91,2.45M,0.50%
2015-06-26,3.97,3.99,4.02,3.97,9.11M,0.00%
2015-06-25,3.97,4.01,4.08,3.97,9.26M,-1.98%
2015-06-24,4.05,4.01,4.06,3.99,6.58M,1.50%
2015-06-23,3.99,4.02,4.08,3.99,4.61M,-0.50%
2015-06-22,4.01,4.04,4.04,3.99,2.10M,-0.50%
2015-06-19,4.03,3.97,4.03,3.94,9.77M,0.75%
2015-06-18,4.00,4.00,4.05,3.96,2.53M,-0.25%
2015-06-17,4.01,4.00,4.03,3.98,1.89M,0.00%
2015-06-16,4.01,4.05,4.05,4.01,4.57M,-0.25%
2015-06-15,4.02,4.06,4.06,4.00,5.31M,-0.50%
2015-06-12,4.04,4.01,4.07,4.01,2.89M,0.50%
2015-06-11,4.02,4.05,4.06,4.01,4.56M,-0.25%
2015-06-10,4.03,4.00,4.05,4.00,5.73M,0.50%
2015-06-09,4.01,4.03,4.04,3.99,4.70M,-0.50%
2015-06-08,4.03,4.00,4.05,3.99,2.24M,-0.49%
2015-06-05,4.05,4.01,4.08,3.99,3.57M,1.25%
2015-06-04,4.00,4.06,4.06,3.98,6.66M,-2.44%
2015-06-03,4.10,4.04,4.12,4.02,7.38M,1.49%
2015-06-02,4.04,4.00,4.07,3.93,5.58M,0.75%
2015-06-01,4.01,4.03,4.03,3.94,4.47M,0.50%
2015-05-29,3.99,4.05,4.05,3.94,14.05M,-1.48%
2015-05-28,4.05,4.00,4.07,3.97,8.31M,1.50%
2015-05-27,3.99,4.06,4.06,3.97,6.73M,-1.48%
2015-05-26,4.05,4.04,4.15,4.01,4.14M,0.50%
2015-05-25,4.03,4.05,4.05,4.01,1.21M,0.00%
2015-05-22,4.03,4.10,4.10,4.03,6.87M,-1.47%
2015-05-21,4.09,4.20,4.20,4.07,4.69M,-1.68%
2015-05-20,4.16,4.16,4.20,4.12,3.28M,-0.72%
2015-05-19,4.19,4.28,4.28,4.16,3.17M,-2.10%
2015-05-18,4.28,4.25,4.36,4.20,3.29M,0.71%
2015-05-15,4.25,4.17,4.25,4.16,2.37M,0.95%
2015-05-14,4.21,4.33,4.35,4.21,3.00M,-2.09%
2015-05-13,4.30,4.22,4.46,4.20,13.04M,3.37%
2015-05-12,4.16,4.14,4.18,4.09,4.11M,0.73%
2015-05-11,4.13,4.20,4.20,4.13,3.18M,-1.67%
2015-05-08,4.20,4.23,4.26,4.19,5.55M,-0.47%
2015-05-07,4.22,4.26,4.27,4.21,5.46M,-1.40%
2015-05-06,4.28,4.30,4.31,4.24,4.18M,-0.47%
2015-05-05,4.30,4.34,4.38,4.27,3.46M,-0.92%
2015-04-30,4.34,4.40,4.40,4.34,5.97M,-1.36%
2015-04-29,4.40,4.41,4.42,4.35,4.20M,0.00%
2015-04-28,4.40,4.41,4.41,4.37,3.64M,0.00%
2015-04-27,4.40,4.40,4.42,4.37,7.56M,0.00%
2015-04-24,4.40,4.40,4.43,4.38,2.57M,0.46%
2015-04-23,4.38,4.36,4.41,4.34,5.48M,0.46%
2015-04-22,4.36,4.42,4.45,4.36,4.31M,-1.36%
2015-04-21,4.42,4.49,4.54,4.41,5.79M,-1.56%
2015-04-20,4.49,4.50,4.53,4.47,4.54M,-0.22%
2015-04-17,4.50,4.61,4.61,4.48,5.36M,-2.39%
2015-04-16,4.61,4.56,4.61,4.52,2.31M,1.10%
2015-04-15,4.56,4.57,4.61,4.52,3.21M,-0.65%
2015-04-14,4.59,4.60,4.61,4.56,3.97M,0.00%
2015-04-13,4.59,4.58,4.62,4.56,1.70M,0.22%
2015-04-10,4.58,4.64,4.64,4.55,2.19M,-1.51%
2015-04-09,4.65,4.57,4.65,4.52,2.15M,2.42%
2015-04-08,4.54,4.58,4.63,4.50,3.46M,-1.30%
2015-04-07,4.60,4.60,4.63,4.57,3.97M,0.00%
2015-04-06,4.60,4.62,4.62,4.58,1.49M,-0.22%
2015-04-03,4.61,4.61,4.64,4.57,1.21M,0.44%
2015-04-02,4.59,4.56,4.63,4.56,5.02M,-0.22%
2015-04-01,4.60,4.62,4.62,4.55,2.07M,0.22%
2015-03-31,4.59,4.63,4.64,4.55,5.07M,0.22%
2015-03-30,4.58,4.56,4.65,4.56,2.49M,0.22%
2015-03-27,4.57,4.58,4.64,4.57,2.39M,-1.30%
2015-03-26,4.63,4.66,4.66,4.57,1.79M,-0.64%
2015-03-25,4.66,4.61,4.66,4.52,4.20M,1.08%
2015-03-24,4.61,4.55,4.64,4.55,3.50M,0.44%
2015-03-23,4.59,4.60,4.63,4.56,1.67M,0.44%
2015-03-20,4.57,4.58,4.64,4.53,7.11M,-0.44%
2015-03-19,4.59,4.54,4.60,4.53,2.46M,1.32%
2015-03-18,4.53,4.54,4.59,4.49,2.15M,0.44%
2015-03-17,4.51,4.51,4.56,4.48,4.52M,-0.88%
2015-03-16,4.55,4.47,4.59,4.47,2.36M,1.11%
2015-03-13,4.50,4.56,4.57,4.50,2.44M,-1.10%
2015-03-12,4.55,4.52,4.60,4.52,3.95M,0.22%
2015-03-11,4.54,4.58,4.60,4.51,3.86M,-0.22%
2015-03-10,4.55,4.58,4.64,4.55,8.00M,-1.94%
2015-03-09,4.64,4.64,4.67,4.56,3.81M,-0.64%
2015-03-06,4.67,4.64,4.67,4.64,1.39M,0.21%
2015-03-05,4.66,4.67,4.72,4.65,3.47M,-0.64%
2015-03-04,4.69,4.69,4.72,4.67,3.75M,0.21%
2015-03-03,4.68,4.73,4.75,4.64,2.30M,-0.85%
2015-03-02,4.72,4.74,4.75,4.67,2.70M,0.21%
2015-02-27,4.71,4.67,4.76,4.67,4.38M,-0.63%
2015-02-26,4.74,4.67,4.74,4.67,2.29M,0.64%
2015-02-25,4.71,4.74,4.74,4.67,3.29M,-0.21%
2015-02-24,4.72,4.70,4.75,4.70,5.00M,0.00%
2015-02-23,4.72,4.71,4.75,4.70,4.12M,0.21%
2015-02-18,4.71,4.71,4.78,4.71,1.16M,-0.42%
2015-02-17,4.73,4.70,4.76,4.70,4.63M,-0.21%
2015-02-16,4.74,4.75,4.77,4.71,7.40M,-1.46%
2015-02-13,4.81,4.78,4.81,4.77,2.63M,1.05%
2015-02-12,4.76,4.73,4.79,4.73,3.12M,-0.21%
2015-02-11,4.77,4.79,4.80,4.75,3.27M,0.21%
2015-02-10,4.76,4.80,4.81,4.76,2.13M,-0.63%
2015-02-09,4.79,4.79,4.82,4.74,2.65M,0.00%
2015-02-06,4.79,4.72,4.80,4.72,4.39M,0.84%
2015-02-05,4.75,4.80,4.80,4.74,4.20M,0.00%
2015-02-04,4.75,4.80,4.99,4.73,4.21M,0.85%
2015-01-30,4.71,4.79,4.80,4.71,5.13M,-0.63%
2015-01-29,4.74,4.80,4.80,4.73,3.52M,-1.25%
2015-01-28,4.80,4.76,4.80,4.73,4.57M,0.63%
2015-01-27,4.77,4.70,4.80,4.70,4.93M,0.63%
2015-01-26,4.74,4.77,4.77,4.70,2.68M,0.00%
2015-01-23,4.74,4.72,4.76,4.69,7.71M,0.00%
2015-01-22,4.74,4.71,4.78,4.70,3.16M,0.85%
2015-01-21,4.70,4.72,4.72,4.67,8.55M,0.00%
2015-01-20,4.70,4.68,4.72,4.64,4.08M,0.00%
2015-01-19,4.70,4.69,4.74,4.69,2.90M,-0.21%
2015-01-16,4.71,4.68,4.73,4.68,3.42M,-0.42%
2015-01-15,4.73,4.70,4.78,4.70,7.01M,-1.05%
2015-01-14,4.78,4.68,4.80,4.68,4.79M,0.63%
2015-01-13,4.75,4.74,4.80,4.65,5.67M,0.64%
2015-01-12,4.72,4.64,4.74,4.62,1.24M,-0.42%
2015-01-09,4.74,4.75,4.78,4.66,2.40M,0.00%
2015-01-08,4.74,4.70,4.75,4.65,2.56M,0.85%
2015-01-07,4.70,4.61,4.78,4.61,5.89M,0.21%
2015-01-06,4.69,4.75,4.75,4.50,6.64M,-0.64%
2015-01-05,4.72,4.82,4.82,4.69,5.38M,-1.67%
2015-01-02,4.80,4.79,4.84,4.67,4.39M,0.00%
2014-12-31,4.80,4.76,4.82,4.75,5.19M,0.21%
2014-12-30,4.79,4.75,4.81,4.75,3.44M,-0.42%
2014-12-29,4.81,4.79,4.84,4.65,2.58M,0.21%
2014-12-26,4.80,4.61,4.83,4.61,2.22M,2.78%
2014-12-24,4.67,4.67,4.70,4.60,1.51M,-1.27%
2014-12-23,4.73,4.62,4.76,4.60,2.45M,1.28%
2014-12-22,4.67,4.48,4.67,4.48,3.32M,3.78%
2014-12-19,4.50,4.48,4.58,4.48,10.01M,0.90%
2014-12-18,4.46,4.42,4.57,4.42,4.73M,1.36%
2014-12-17,4.40,4.42,4.46,4.36,4.44M,0.92%
2014-12-16,4.36,4.64,4.64,4.36,4.76M,-6.03%
2014-12-15,4.64,4.51,4.70,4.46,3.34M,1.31%
2014-12-12,4.58,4.59,4.64,4.52,3.39M,0.00%
2014-12-11,4.58,4.60,4.73,4.58,2.77M,-3.17%
2014-12-10,4.73,4.55,4.78,4.55,2.89M,2.83%
2014-12-09,4.60,4.56,4.65,4.52,2.37M,-0.65%
2014-12-08,4.63,4.80,4.80,4.60,4.27M,-2.53%
2014-12-05,4.75,4.80,4.82,4.72,4.24M,-0.42%
2014-12-04,4.77,4.81,4.83,4.75,4.40M,-0.83%
2014-12-03,4.81,4.83,4.83,4.67,3.37M,-0.41%
2014-12-02,4.83,4.78,4.85,4.76,5.44M,0.00%
2014-12-01,4.83,4.83,4.85,4.72,4.00M,0.21%
2014-11-28,4.82,4.70,4.83,4.70,6.83M,2.77%
2014-11-27,4.69,4.68,4.70,4.66,3.24M,0.86%
2014-11-26,4.65,4.61,4.69,4.61,4.33M,-0.64%
2014-11-25,4.68,4.70,4.72,4.65,4.72M,-0.64%
2014-11-24,4.71,4.53,4.71,4.53,3.64M,2.39%
2014-11-21,4.60,4.56,4.60,4.49,2.88M,1.10%
2014-11-20,4.55,4.63,4.63,4.49,5.17M,-1.73%
2014-11-19,4.63,4.60,4.69,4.59,10.39M,0.65%
2014-11-18,4.60,4.66,4.69,4.58,5.79M,-2.13%
2014-11-17,4.70,4.71,4.74,4.67,1.36M,-0.42%
2014-11-14,4.72,4.73,4.77,4.71,2.09M,-0.42%
2014-11-13,4.74,4.75,4.78,4.73,7.41M,-0.84%
2014-11-12,4.78,4.75,4.80,4.72,8.00M,0.00%
2014-11-11,4.78,4.81,4.81,4.76,5.62M,-0.42%
2014-11-10,4.80,4.83,4.83,4.78,4.03M,-1.03%
2014-11-07,4.85,4.86,4.87,4.80,3.29M,-0.41%
2014-11-06,4.87,4.76,4.89,4.76,4.12M,-0.41%
2014-11-05,4.89,4.89,4.90,4.87,8.73M,-0.20%
2014-11-04,4.90,4.90,4.96,4.81,9.09M,0.62%
2014-11-03,4.87,4.92,4.93,4.83,3.73M,-0.41%
2014-10-31,4.89,4.84,4.89,4.84,3.51M,1.03%
2014-10-30,4.84,4.83,4.88,4.83,7.13M,0.62%
2014-10-29,4.81,4.78,4.81,4.77,5.78M,1.48%
2014-10-28,4.74,4.75,4.78,4.73,3.52M,-0.21%
2014-10-27,4.75,4.73,4.75,4.70,4.50M,0.42%
2014-10-24,4.73,4.68,4.75,4.66,3.48M,1.72%
2014-10-23,4.65,4.70,4.70,4.62,5.04M,0.00%
2014-10-21,4.65,4.69,4.69,4.60,3.33M,-0.43%
2014-10-20,4.67,4.62,4.67,4.60,7.36M,1.30%
2014-10-17,4.61,4.69,4.80,4.54,16.10M,-1.91%
2014-10-16,4.70,4.74,4.74,4.65,5.68M,-0.21%
2014-10-15,4.71,4.74,4.75,4.66,4.01M,0.21%
2014-10-14,4.70,4.75,4.75,4.67,8.46M,0.43%
2014-10-13,4.68,4.76,4.78,4.66,8.41M,-2.50%
2014-10-10,4.80,4.83,4.83,4.75,4.12M,-0.83%
2014-10-09,4.84,4.74,4.84,4.74,2.07M,1.89%
2014-10-08,4.75,4.80,4.82,4.75,4.02M,-1.86%
2014-10-07,4.84,4.78,4.85,4.78,3.48M,0.83%
2014-10-03,4.80,4.76,4.83,4.75,3.46M,0.00%
2014-10-02,4.80,4.83,4.83,4.77,6.73M,0.42%
2014-10-01,4.78,4.83,4.83,4.78,4.89M,-0.62%
2014-09-30,4.81,4.82,4.83,4.77,7.76M,-0.21%
2014-09-29,4.82,4.84,4.84,4.80,2.43M,-0.41%
2014-09-26,4.84,4.83,4.84,4.77,4.82M,0.00%
2014-09-25,4.84,4.76,4.84,4.76,4.17M,0.83%
2014-09-24,4.80,4.78,4.82,4.76,9.94M,-0.83%
2014-09-23,4.84,4.84,4.85,4.75,3.21M,-1.22%
2014-09-22,4.90,4.82,4.90,4.82,1.48M,1.45%
2014-09-19,4.83,4.82,4.87,4.76,5.43M,0.42%
2014-09-18,4.81,4.77,4.81,4.74,5.83M,0.42%
2014-09-17,4.79,4.79,4.83,4.75,8.52M,-0.83%
2014-09-15,4.83,4.82,4.84,4.71,3.60M,0.00%
2014-09-12,4.83,4.84,4.85,4.80,6.59M,0.00%
2014-09-11,4.83,4.80,4.85,4.77,7.55M,0.21%
2014-09-10,4.82,4.81,4.82,4.79,7.85M,0.21%
2014-09-09,4.81,4.77,4.82,4.77,6.93M,0.21%
2014-09-08,4.80,4.80,4.82,4.78,11.24M,-0.21%
2014-09-05,4.81,4.80,4.83,4.79,10.19M,0.42%
2014-09-04,4.79,4.83,4.83,4.76,4.03M,-0.83%
2014-09-03,4.83,4.83,4.83,4.72,4.78M,0.21%
2014-09-02,4.82,4.78,4.84,4.78,5.38M,0.84%
2014-08-29,4.78,4.81,4.88,4.78,7.39M,-0.83%
2014-08-28,4.82,4.78,4.84,4.78,7.25M,0.42%
2014-08-27,4.80,4.73,4.83,4.73,8.97M,1.48%
2014-08-26,4.73,4.66,4.73,4.62,8.02M,1.50%
2014-08-25,4.66,4.75,4.75,4.61,13.04M,-1.89%
2014-08-22,4.75,4.86,4.92,4.69,15.08M,-1.66%
2014-08-21,4.83,5.00,5.00,4.75,19.62M,-3.40%
2014-08-20,5.00,5.00,5.02,4.98,5.04M,0.20%
2014-08-19,4.99,5.00,5.01,4.96,7.10M,0.00%
2014-08-18,4.99,4.96,5.00,4.95,6.45M,-0.40%
2014-08-15,5.01,5.00,5.01,4.98,5.01M,0.20%
2014-08-14,5.00,4.96,5.00,4.96,6.44M,0.00%
2014-08-13,5.00,5.00,5.00,4.98,7.95M,0.00%
2014-08-12,5.00,4.98,5.00,4.98,4.80M,0.00%
2014-08-11,5.00,4.94,5.00,4.94,6.77M,1.01%
2014-08-08,4.95,5.00,5.00,4.94,7.35M,-1.00%
2014-08-07,5.00,5.00,5.00,4.94,4.96M,0.00%
2014-08-06,5.00,5.00,5.00,4.98,3.39M,0.20%
2014-08-05,4.99,4.95,4.99,4.95,4.44M,1.01%
2014-08-04,4.94,4.93,4.97,4.92,4.84M,0.00%
2014-08-01,4.94,4.95,4.98,4.90,5.11M,-1.20%
2014-07-31,5.00,5.05,5.07,4.97,7.70M,-1.38%
2014-07-30,5.07,5.07,5.13,5.05,6.30M,0.20%
2014-07-25,5.06,5.03,5.06,4.98,2.89M,-0.39%
2014-07-24,5.08,5.03,5.08,4.98,3.12M,1.60%
2014-07-23,5.00,5.02,5.05,4.98,4.73M,0.00%
2014-07-22,5.00,5.04,5.04,4.97,2.17M,0.20%
2014-07-21,4.99,5.00,5.01,4.98,5.65M,-0.40%
2014-07-18,5.01,4.98,5.03,4.95,4.70M,0.20%
2014-07-17,5.00,5.09,5.09,4.98,1.91M,-0.60%
2014-07-16,5.03,5.08,5.20,4.96,10.13M,0.00%
2014-07-14,5.03,5.07,5.08,5.00,3.37M,-2.14%
2014-07-11,5.14,5.19,5.22,5.14,5.05M,-1.53%
2014-07-10,5.22,5.16,5.23,5.16,2.64M,0.77%
2014-07-09,5.18,5.25,5.25,5.17,6.90M,-1.33%
2014-07-08,5.25,5.26,5.26,5.23,3.02M,0.38%
2014-07-07,5.23,5.24,5.28,5.20,3.97M,-0.19%
2014-07-04,5.24,5.25,5.27,5.23,3.34M,-0.19%
2014-07-03,5.25,5.23,5.27,5.23,3.00M,0.38%
2014-07-02,5.23,5.18,5.23,5.16,6.47M,1.36%
2014-07-01,5.16,5.23,5.23,5.11,3.86M,-1.71%
2014-06-30,5.25,5.20,5.25,5.17,5.91M,0.00%
2014-06-27,5.25,5.28,5.28,5.20,3.86M,-0.19%
2014-06-26,5.26,5.26,5.28,5.21,4.72M,0.00%
2014-06-25,5.26,5.21,5.28,5.18,4.52M,-0.38%
2014-06-24,5.28,5.05,5.29,5.05,10.06M,0.76%
2014-06-23,5.24,5.12,5.24,5.12,5.01M,1.16%
2014-06-20,5.18,5.18,5.18,5.09,6.28M,0.58%
2014-06-19,5.15,5.07,5.17,5.07,2.35M,0.78%
2014-06-18,5.11,5.02,5.11,5.02,2.83M,1.19%
2014-06-17,5.05,5.09,5.11,5.04,4.37M,-1.94%
2014-06-16,5.15,5.15,5.17,5.13,1.80M,-1.15%
2014-06-13,5.21,5.15,5.22,5.15,3.56M,0.00%
2014-06-12,5.21,5.22,5.22,5.20,3.67M,0.00%
2014-06-11,5.21,5.22,5.23,5.17,6.47M,0.19%
2014-06-10,5.20,5.15,5.24,5.14,8.08M,1.17%
2014-06-09,5.14,5.15,5.16,5.13,2.43M,0.19%
2014-06-06,5.13,5.08,5.15,5.08,2.52M,0.39%
2014-06-05,5.11,5.02,5.14,5.02,5.67M,0.00%
2014-06-04,5.11,5.10,5.14,5.06,5.30M,-1.54%
2014-06-03,5.19,4.97,5.25,4.93,8.90M,4.43%
2014-06-02,4.97,4.98,5.00,4.95,4.08M,0.81%
2014-05-30,4.93,5.03,5.09,4.93,10.29M,-1.99%
2014-05-29,5.03,4.93,5.03,4.92,4.06M,1.82%
2014-05-28,4.94,4.95,4.97,4.93,9.88M,-0.20%
2014-05-27,4.95,4.95,4.96,4.88,10.59M,0.00%
2014-05-26,4.95,5.04,5.04,4.90,13.84M,-1.98%
2014-05-23,5.05,5.20,5.21,5.05,5.29M,-2.70%
2014-05-22,5.19,5.24,5.27,5.10,7.55M,-0.95%
2014-05-21,5.24,5.25,5.27,5.23,4.38M,-0.38%
2014-05-20,5.26,5.23,5.29,5.23,5.63M,-0.57%
2014-05-19,5.29,5.29,5.36,5.29,8.55M,-0.19%
2014-05-16,5.30,5.20,5.30,5.19,7.65M,1.73%
2014-05-15,5.21,5.14,5.25,5.14,9.40M,0.58%
2014-05-14,5.18,5.10,5.18,5.10,14.84M,2.57%
2014-05-12,5.05,5.03,5.08,5.00,5.05M,0.40%
2014-05-09,5.03,5.00,5.04,4.99,4.65M,0.60%
2014-05-08,5.00,5.00,5.00,4.97,2.98M,0.40%
2014-05-07,4.98,4.98,5.02,4.90,5.01M,0.00%
2014-05-06,4.98,4.97,5.00,4.95,4.65M,0.20%
2014-05-05,4.97,4.92,4.98,4.92,3.00M,0.20%
2014-05-02,4.96,4.99,4.99,4.94,5.46M,-0.80%
2014-04-30,5.00,4.88,5.00,4.88,12.52M,2.46%
2014-04-29,4.88,4.86,4.90,4.84,9.78M,0.62%
2014-04-28,4.85,4.83,4.86,4.83,3.13M,0.21%
2014-04-25,4.84,4.85,4.87,4.80,2.37M,-0.21%
2014-04-24,4.85,4.81,4.85,4.81,4.57M,0.21%
2014-04-23,4.84,4.80,4.85,4.80,3.83M,0.00%
2014-04-22,4.84,4.80,4.84,4.79,5.08M,1.26%
2014-04-21,4.78,4.81,4.82,4.78,1.45M,-0.42%
2014-04-18,4.80,4.77,4.84,4.77,4.51M,0.63%
2014-04-17,4.77,4.81,4.81,4.76,2.77M,0.00%
2014-04-16,4.77,4.86,4.86,4.77,6.43M,-1.04%
2014-04-15,4.82,4.82,4.87,4.80,4.43M,-0.82%
2014-04-14,4.86,4.87,4.88,4.80,4.02M,-0.21%
2014-04-11,4.87,4.88,4.88,4.77,3.07M,0.21%
2014-04-10,4.86,4.87,4.90,4.83,9.04M,-0.41%
2014-04-09,4.88,4.78,4.88,4.78,11.52M,0.83%
2014-04-08,4.84,4.85,4.85,4.78,5.82M,0.83%
2014-04-07,4.80,4.73,4.80,4.72,5.28M,1.48%
2014-04-04,4.73,4.79,4.79,4.71,3.28M,-1.46%
2014-04-03,4.80,4.76,4.80,4.74,2.86M,1.05%
2014-04-02,4.75,4.73,4.79,4.73,2.71M,0.21%
2014-04-01,4.74,4.75,4.77,4.72,6.24M,-1.25%
2014-03-31,4.80,4.84,4.84,4.79,5.74M,-0.62%
2014-03-28,4.83,4.76,4.83,4.74,3.07M,0.62%
2014-03-27,4.80,4.75,4.80,4.74,7.86M,0.84%
2014-03-26,4.76,4.80,4.82,4.75,2.91M,-1.04%
2014-03-25,4.81,4.72,4.81,4.72,8.64M,0.00%
2014-03-24,4.81,4.79,4.83,4.78,5.82M,0.84%
2014-03-21,4.77,4.73,4.77,4.69,12.39M,1.49%
2014-03-20,4.70,4.69,4.70,4.66,6.72M,0.86%
2014-03-19,4.66,4.70,4.74,4.66,6.47M,-1.69%
2014-03-18,4.74,4.75,4.76,4.71,4.74M,-0.21%
2014-03-17,4.75,4.70,4.75,4.69,5.22M,1.06%
2014-03-14,4.70,4.69,4.73,4.67,6.58M,-0.63%
2014-03-13,4.73,4.74,4.75,4.69,8.23M,-0.21%
2014-03-12,4.74,4.66,4.79,4.66,14.38M,0.85%
2014-03-11,4.70,4.70,4.76,4.69,10.40M,0.21%
2014-03-10,4.69,4.74,4.74,4.60,6.37M,-1.88%
2014-03-07,4.78,4.78,4.81,4.77,6.38M,0.00%
2014-03-06,4.78,4.70,4.80,4.70,10.05M,1.06%
2014-03-05,4.73,4.75,4.76,4.66,12.48M,-0.21%
2014-03-04,4.74,4.64,4.75,4.64,9.77M,0.85%
2014-03-03,4.70,4.61,4.71,4.56,9.17M,1.95%
2014-02-28,4.61,4.64,4.70,4.60,12.44M,-1.50%
2014-02-27,4.68,4.56,4.72,4.56,11.60M,2.63%
2014-02-26,4.56,4.70,4.70,4.53,15.57M,-3.59%
2014-02-25,4.73,4.61,4.75,4.59,5.72M,2.60%
2014-02-24,4.61,4.55,4.62,4.55,7.20M,1.32%
2014-02-21,4.55,4.50,4.59,4.48,11.09M,1.34%
2014-02-20,4.49,4.60,4.60,4.42,15.97M,-2.39%
2014-02-19,4.60,4.36,4.64,4.34,15.97M,5.75%
2014-02-18,4.35,4.36,4.38,4.33,6.98M,-0.23%
2014-02-17,4.36,4.33,4.40,4.31,8.35M,1.16%
2014-02-14,4.31,4.29,4.33,4.27,5.59M,0.70%
2014-02-13,4.28,4.27,4.33,4.27,8.05M,0.23%
2014-02-12,4.27,4.28,4.30,4.23,8.82M,0.71%
2014-02-11,4.24,4.19,4.32,4.18,7.81M,1.19%
2014-02-10,4.19,4.14,4.23,4.14,4.08M,1.95%
2014-02-07,4.11,4.11,4.13,4.11,7.69M,0.24%
2014-02-06,4.10,4.11,4.15,4.09,10.45M,-0.24%
2014-02-05,4.11,4.15,4.15,4.11,8.66M,-0.96%
2014-02-04,4.15,4.17,4.17,4.12,7.34M,-1.19%
2014-01-30,4.20,4.16,4.20,4.11,6.72M,1.20%
2014-01-29,4.15,4.18,4.21,4.15,8.85M,-0.48%
2014-01-28,4.17,4.15,4.19,4.15,12.66M,0.00%
2014-01-27,4.17,4.16,4.20,4.10,11.32M,-0.95%
2014-01-24,4.21,4.16,4.22,4.15,5.76M,0.48%
2014-01-23,4.19,4.19,4.22,4.15,7.65M,0.00%
2014-01-22,4.19,4.23,4.23,4.15,8.88M,-0.24%
2014-01-21,4.20,4.16,4.26,4.15,12.98M,0.96%
2014-01-20,4.16,4.15,4.20,4.10,3.85M,0.48%
2014-01-16,4.14,4.20,4.23,4.14,13.20M,-1.43%
2014-01-15,4.20,4.27,4.27,4.19,8.82M,-0.94%
2014-01-13,4.24,4.27,4.28,4.23,7.96M,0.00%
2014-01-10,4.24,4.21,4.27,4.20,8.95M,0.71%
2014-01-09,4.21,4.37,4.38,4.21,9.93M,-3.22%
2014-01-08,4.35,4.36,4.43,4.33,5.13M,-0.23%
2014-01-07,4.36,4.50,4.50,4.36,5.63M,-2.24%
2014-01-06,4.46,4.58,4.59,4.46,6.19M,-2.62%
2014-01-03,4.58,4.65,4.71,4.58,2.22M,-0.43%
2014-01-02,4.60,4.72,4.75,4.58,3.40M,-2.34%
2013-12-31,4.71,4.71,4.79,4.68,3.55M,0.00%
2013-12-30,4.71,4.66,4.73,4.65,2.59M,1.07%
2013-12-27,4.66,4.56,4.66,4.53,3.14M,3.33%
2013-12-26,4.51,4.46,4.56,4.46,783.60K,0.45%
2013-12-24,4.49,4.56,4.56,4.48,2.08M,-1.54%
2013-12-23,4.56,4.64,4.65,4.55,2.09M,-1.72%
2013-12-20,4.64,4.60,4.65,4.50,6.68M,0.87%
2013-12-19,4.60,4.65,4.71,4.55,9.77M,-1.08%
2013-12-18,4.65,4.70,4.70,4.64,20.13M,-1.06%
2013-12-17,4.70,4.66,4.70,4.65,10.74M,0.64%
2013-12-16,4.67,4.71,4.75,4.65,5.63M,-0.64%
2013-12-13,4.70,4.67,4.76,4.66,5.25M,0.64%
2013-12-12,4.67,4.69,4.71,4.64,8.01M,-0.43%
2013-12-11,4.69,4.78,4.80,4.67,15.68M,-2.29%
2013-12-10,4.80,4.85,4.88,4.79,8.80M,-1.03%
2013-12-09,4.85,4.81,4.88,4.80,10.63M,1.68%
2013-12-06,4.77,4.66,4.87,4.66,15.37M,1.71%
2013-12-05,4.69,4.58,4.73,4.58,12.63M,2.18%
2013-12-04,4.59,4.58,4.65,4.58,6.37M,-0.43%
2013-12-03,4.61,4.58,4.67,4.49,8.48M,0.66%
2013-12-02,4.58,4.57,4.59,4.56,3.25M,0.44%
2013-11-29,4.56,4.51,4.57,4.50,5.98M,1.33%
2013-11-28,4.50,4.50,4.54,4.50,3.55M,0.00%
2013-11-27,4.50,4.52,4.54,4.46,4.35M,0.22%
2013-11-26,4.49,4.50,4.55,4.48,6.66M,0.00%
2013-11-25,4.49,4.52,4.57,4.48,7.24M,-0.22%
2013-11-22,4.50,4.49,4.59,4.49,7.12M,0.22%
2013-11-21,4.49,4.62,4.62,4.46,11.47M,-2.81%
2013-11-20,4.62,4.61,4.67,4.58,13.71M,1.09%
2013-11-19,4.57,4.43,4.71,4.42,17.45M,3.39%
2013-11-18,4.42,4.41,4.42,4.38,1.64M,0.45%
2013-11-15,4.40,4.39,4.40,4.38,4.02M,0.46%
2013-11-14,4.38,4.36,4.39,4.36,4.08M,0.46%
2013-11-13,4.36,4.38,4.38,4.35,6.92M,0.00%
2013-11-12,4.36,4.39,4.39,4.35,2.09M,-0.23%
2013-11-11,4.37,4.37,4.38,4.35,6.67M,0.23%
2013-11-08,4.36,4.36,4.37,4.35,3.81M,-0.23%
2013-11-07,4.37,4.37,4.39,4.36,2.85M,-0.23%
2013-11-06,4.38,4.41,4.41,4.35,10.74M,-0.45%
2013-11-04,4.40,4.40,4.43,4.39,3.05M,0.00%
2013-11-01,4.40,4.38,4.41,4.38,3.19M,0.00%
2013-10-31,4.40,4.40,4.42,4.38,7.44M,0.00%
2013-10-30,4.40,4.41,4.42,4.39,5.22M,0.00%
2013-10-29,4.40,4.41,4.41,4.39,3.47M,0.00%
2013-10-28,4.40,4.44,4.44,4.38,3.63M,0.00%
2013-10-25,4.40,4.39,4.42,4.39,3.59M,0.46%
2013-10-24,4.38,4.37,4.43,4.37,4.39M,0.46%
2013-10-23,4.36,4.38,4.38,4.36,3.66M,0.00%
2013-10-22,4.36,4.34,4.40,4.34,4.74M,-0.23%
2013-10-21,4.37,4.37,4.38,4.36,4.13M,0.23%
2013-10-18,4.36,4.38,4.38,4.33,4.76M,-0.46%
2013-10-17,4.38,4.37,4.38,4.36,4.97M,0.69%
2013-10-16,4.35,4.36,4.36,4.33,2.99M,0.00%
2013-10-14,4.35,4.33,4.37,4.33,696.20K,0.46%
2013-10-11,4.33,4.36,4.37,4.33,1.89M,0.00%
2013-10-10,4.33,4.37,4.38,4.33,1.53M,-0.23%
2013-10-09,4.34,4.35,4.39,4.34,2.25M,-0.69%
2013-10-08,4.37,4.38,4.38,4.34,4.13M,-0.23%
2013-10-07,4.38,4.35,4.38,4.34,2.45M,0.23%
2013-10-04,4.37,4.37,4.37,4.33,2.57M,0.69%
2013-10-03,4.34,4.35,4.37,4.33,3.80M,-0.46%
2013-10-02,4.36,4.38,4.38,4.33,4.63M,0.23%
2013-10-01,4.35,4.33,4.37,4.32,2.17M,0.46%
2013-09-30,4.33,4.34,4.38,4.33,8.56M,-0.46%
2013-09-27,4.35,4.38,4.38,4.35,4.48M,-0.23%
2013-09-26,4.36,4.37,4.37,4.35,5.27M,0.00%
2013-09-25,4.36,4.37,4.37,4.35,4.86M,-0.23%
2013-09-24,4.37,4.35,4.38,4.35,4.38M,-0.23%
2013-09-23,4.38,4.33,4.38,4.33,2.21M,0.23%
2013-09-20,4.37,4.39,4.40,4.33,9.07M,-0.23%
2013-09-19,4.38,4.41,4.41,4.37,7.27M,0.00%
2013-09-18,4.38,4.38,4.38,4.36,4.03M,0.00%
2013-09-17,4.38,4.39,4.40,4.35,4.69M,-0.23%
2013-09-13,4.39,4.38,4.39,4.33,4.57M,0.23%
2013-09-12,4.38,4.41,4.41,4.36,5.27M,0.00%
2013-09-11,4.38,4.39,4.41,4.36,5.87M,0.23%
2013-09-10,4.37,4.39,4.40,4.35,9.10M,0.69%
2013-09-09,4.34,4.33,4.38,4.33,4.19M,0.23%
2013-09-06,4.33,4.26,4.35,4.26,5.25M,0.93%
2013-09-05,4.29,4.27,4.32,4.27,1.81M,-0.92%
2013-09-04,4.33,4.38,4.38,4.25,4.16M,-0.23%
2013-09-03,4.34,4.38,4.39,4.33,3.01M,-0.69%
2013-09-02,4.37,4.33,4.38,4.33,3.23M,0.00%
2013-08-30,4.37,4.30,4.39,4.29,3.49M,1.63%
2013-08-29,4.30,4.24,4.33,4.24,4.07M,0.23%
2013-08-28,4.29,4.33,4.33,4.22,5.86M,-0.92%
2013-08-27,4.33,4.30,4.37,4.25,6.44M,0.00%
2013-08-26,4.33,4.25,4.43,4.25,9.67M,1.88%
2013-08-23,4.25,4.25,4.25,4.21,5.80M,0.95%
2013-08-22,4.21,4.26,4.26,4.12,14.20M,-1.86%
2013-08-21,4.29,4.31,4.38,4.28,9.42M,-0.92%
2013-08-20,4.33,4.37,4.37,4.29,8.21M,-0.92%
2013-08-19,4.37,4.37,4.38,4.33,2.63M,-0.23%
2013-08-16,4.38,4.39,4.39,4.36,4.15M,-0.23%
2013-08-15,4.39,4.39,4.42,4.39,1.17M,-0.45%
2013-08-14,4.41,4.43,4.43,4.39,3.05M,-0.23%
2013-08-13,4.42,4.40,4.43,4.39,4.22M,0.45%
2013-08-12,4.40,4.39,4.43,4.39,3.42M,0.23%
2013-08-07,4.39,4.43,4.43,4.39,1.47M,-0.90%
2013-08-06,4.43,4.43,4.43,4.40,1.66M,0.68%
2013-08-05,4.40,4.42,4.44,4.37,2.04M,-0.23%
2013-08-02,4.41,4.42,4.44,4.41,3.59M,0.00%
2013-08-01,4.41,4.42,4.42,4.37,2.34M,-0.23%
2013-07-31,4.42,4.42,4.42,4.37,6.05M,0.00%
2013-07-30,4.42,4.42,4.43,4.40,2.70M,0.00%
2013-07-29,4.42,4.43,4.46,4.40,2.09M,0.23%
2013-07-26,4.41,4.42,4.46,4.41,3.08M,0.00%
2013-07-25,4.41,4.41,4.43,4.40,4.92M,0.00%
2013-07-24,4.41,4.42,4.45,4.40,5.77M,0.00%
2013-07-23,4.41,4.44,4.44,4.40,6.38M,0.00%
2013-07-22,4.41,4.41,4.42,4.36,9.95M,0.00%
2013-07-19,4.41,4.38,4.43,4.38,7.79M,1.38%
2013-07-18,4.35,4.45,4.50,4.33,19.88M,-2.47%
2013-07-17,4.46,4.49,4.49,4.43,5.40M,-0.89%
2013-07-16,4.50,4.51,4.51,4.46,5.77M,-0.22%
2013-07-15,4.51,4.54,4.57,4.50,7.28M,-0.44%
2013-07-12,4.53,4.44,4.56,4.42,20.25M,2.72%
2013-07-11,4.41,4.42,4.45,4.40,7.95M,0.00%
2013-07-10,4.41,4.41,4.42,4.38,6.30M,0.68%
2013-07-09,4.38,4.39,4.41,4.38,1.14M,-0.68%
2013-07-08,4.41,4.38,4.42,4.36,3.02M,0.00%
2013-07-05,4.41,4.42,4.43,4.35,2.73M,-0.23%
2013-07-04,4.42,4.40,4.42,4.38,3.37M,0.23%
2013-07-03,4.41,4.41,4.43,4.37,5.44M,0.68%
2013-07-02,4.38,4.39,4.39,4.37,2.54M,-0.23%
2013-07-01,4.39,4.40,4.42,4.35,2.19M,-0.23%
2013-06-28,4.40,4.37,4.42,4.34,8.85M,0.92%
2013-06-27,4.36,4.36,4.37,4.33,4.60M,0.93%
2013-06-26,4.32,4.23,4.37,4.22,7.68M,2.13%
2013-06-25,4.23,4.21,4.29,4.20,4.67M,0.71%
2013-06-24,4.20,4.27,4.27,4.19,4.90M,-0.94%
2013-06-21,4.24,4.21,4.32,4.20,13.66M,-0.24%
2013-06-20,4.25,4.33,4.33,4.25,5.16M,-2.30%
2013-06-19,4.35,4.33,4.42,4.33,10.71M,0.23%
2013-06-18,4.34,4.37,4.37,4.31,8.62M,-0.46%
2013-06-17,4.36,4.34,4.39,4.33,3.46M,-0.23%
2013-06-14,4.37,4.24,4.37,4.20,10.59M,3.80%
2013-06-13,4.21,4.29,4.33,4.20,5.98M,-1.86%
2013-06-12,4.29,4.36,4.38,4.27,8.20M,-2.05%
2013-06-11,4.38,4.45,4.49,4.38,12.01M,-1.35%
2013-06-10,4.44,4.31,4.46,4.31,13.40M,3.50%
2013-06-07,4.29,4.29,4.33,4.28,4.04M,0.00%
2013-06-06,4.29,4.19,4.29,4.17,7.88M,1.90%
2013-06-05,4.21,4.28,4.30,4.21,5.14M,-1.64%
2013-06-04,4.28,4.17,4.28,4.16,4.41M,3.13%
2013-06-03,4.15,4.16,4.22,4.13,6.41M,0.73%
2013-05-31,4.12,4.23,4.23,4.12,24.61M,-1.90%
2013-05-30,4.20,4.25,4.27,4.20,5.32M,-1.41%
2013-05-29,4.26,4.25,4.26,4.22,4.98M,1.19%
2013-05-28,4.21,4.21,4.27,4.20,4.61M,0.24%
2013-05-27,4.20,4.16,4.26,4.16,4.34M,-1.18%
2013-05-23,4.25,4.25,4.30,4.21,7.70M,0.00%
2013-05-22,4.25,4.33,4.37,4.25,7.15M,-1.85%
2013-05-21,4.33,4.25,4.33,4.24,5.80M,1.17%
2013-05-20,4.28,4.19,4.28,4.17,6.71M,2.88%
2013-05-17,4.16,4.15,4.19,4.12,4.15M,1.46%
2013-05-16,4.10,4.29,4.32,4.10,12.98M,-3.98%
2013-05-15,4.27,4.48,4.51,4.25,19.50M,-3.39%
2013-05-14,4.42,4.61,4.61,4.39,17.85M,2.55%
2013-05-09,4.31,4.23,4.33,4.23,7.22M,4.11%
2013-05-08,4.14,4.18,4.21,4.12,4.52M,0.49%
2013-05-07,4.12,4.15,4.16,4.11,6.58M,0.49%
2013-05-06,4.10,4.20,4.28,4.02,8.13M,1.99%
2013-05-03,4.02,4.06,4.07,3.89,7.71M,-0.50%
2013-05-02,4.04,4.02,4.07,3.99,3.99M,-0.74%
2013-04-30,4.07,4.08,4.12,4.04,6.05M,1.50%
2013-04-29,4.01,4.08,4.08,4.01,1.12M,-1.72%
2013-04-26,4.08,4.08,4.14,4.05,2.52M,0.74%
2013-04-25,4.05,4.08,4.16,4.04,4.61M,-1.46%
2013-04-24,4.11,3.96,4.11,3.96,1.77M,2.49%
2013-04-23,4.01,4.01,4.04,3.97,4.88M,-0.74%
2013-04-22,4.04,4.04,4.10,4.03,4.28M,0.00%
2013-04-19,4.04,4.12,4.12,4.02,4.18M,-1.94%
2013-04-18,4.12,4.08,4.15,4.08,3.66M,-0.48%
2013-04-17,4.14,4.06,4.15,4.00,5.99M,1.72%
2013-04-16,4.07,4.00,4.08,3.95,4.43M,1.24%
2013-04-15,4.02,3.94,4.03,3.92,2.51M,2.03%
2013-04-12,3.94,4.00,4.08,3.94,5.35M,-2.23%
2013-04-11,4.03,3.87,4.04,3.87,7.96M,4.13%
2013-04-10,3.87,3.84,3.88,3.84,3.54M,0.78%
2013-04-09,3.84,3.83,3.87,3.83,5.36M,0.00%
2013-04-08,3.84,3.93,3.93,3.82,1.83M,-1.03%
2013-04-05,3.88,3.91,3.92,3.86,4.04M,-1.27%
2013-04-04,3.93,3.79,3.95,3.78,4.93M,3.69%
2013-04-03,3.79,3.81,3.81,3.70,5.58M,-0.26%
2013-04-02,3.80,3.76,3.84,3.75,3.81M,1.33%
2013-04-01,3.75,3.79,3.81,3.74,3.65M,-0.79%
2013-03-29,3.78,3.77,3.80,3.75,3.43M,0.27%
2013-03-28,3.77,3.78,3.83,3.75,4.16M,0.00%
2013-03-27,3.77,3.77,3.79,3.76,4.57M,0.00%
2013-03-26,3.77,3.83,3.84,3.76,4.84M,0.00%
2013-03-25,3.77,3.74,3.84,3.72,2.64M,1.34%
2013-03-22,3.72,3.76,3.76,3.72,4.02M,-1.06%
2013-03-21,3.76,3.75,3.79,3.75,3.51M,0.53%
2013-03-20,3.74,3.78,3.80,3.74,4.64M,-1.58%
2013-03-19,3.80,3.83,3.87,3.75,4.74M,-0.52%
2013-03-18,3.82,3.76,3.85,3.73,5.65M,1.60%
2013-03-15,3.76,3.83,3.86,3.70,31.45M,-1.57%
2013-03-14,3.82,3.83,3.84,3.80,7.47M,-0.52%
2013-03-13,3.84,3.88,3.88,3.83,10.92M,-1.29%
2013-03-12,3.89,3.90,3.91,3.88,7.73M,-0.26%
2013-03-11,3.90,3.91,3.93,3.88,5.09M,-0.76%
2013-03-08,3.93,3.98,4.00,3.90,5.92M,-1.75%
2013-03-07,4.00,3.99,4.04,3.99,3.74M,-0.99%
2013-03-06,4.04,3.94,4.04,3.93,2.46M,2.02%
2013-03-05,3.96,3.95,3.97,3.92,835.50K,1.02%
2013-03-04,3.92,3.93,3.96,3.91,3.24M,0.00%
2013-03-01,3.92,3.97,4.02,3.92,6.39M,-1.01%
2013-02-28,3.96,3.95,3.98,3.94,3.89M,0.25%
2013-02-27,3.95,3.97,4.00,3.95,3.14M,-1.00%
2013-02-26,3.99,4.04,4.05,3.99,2.71M,-1.72%
2013-02-25,4.06,4.03,4.08,4.01,2.86M,-0.25%
2013-02-22,4.07,3.96,4.07,3.91,4.04M,2.78%
2013-02-21,3.96,3.96,4.00,3.91,1.99M,0.00%
2013-02-20,3.96,3.92,3.96,3.92,1.75M,0.25%
2013-02-19,3.95,3.96,3.98,3.89,1.21M,0.00%
2013-02-18,3.95,4.00,4.01,3.95,331.10K,-0.75%
2013-02-15,3.98,3.98,3.99,3.95,2.85M,1.27%
2013-02-14,3.93,3.95,3.97,3.93,856.20K,0.51%
2013-02-13,3.91,3.95,3.96,3.91,525.30K,-0.26%
2013-02-08,3.92,3.87,3.94,3.84,2.24M,1.29%
2013-02-07,3.87,3.86,3.92,3.84,3.21M,-1.53%
2013-02-06,3.93,3.95,3.96,3.87,4.28M,-0.51%
2013-02-05,3.95,4.01,4.04,3.94,1.53M,-1.00%
2013-02-04,3.99,4.03,4.08,3.95,2.75M,-0.75%
2013-01-31,4.02,4.00,4.02,3.97,5.31M,0.00%
2013-01-30,4.02,4.04,4.04,3.90,4.12M,-0.50%
2013-01-29,4.04,4.00,4.04,3.99,2.30M,1.25%
2013-01-25,3.99,4.01,4.04,3.97,3.54M,-0.25%
2013-01-23,4.00,4.04,4.04,3.99,5.18M,-0.25%
2013-01-22,4.01,4.03,4.03,3.97,2.96M,0.00%
2013-01-21,4.01,4.05,4.05,4.01,5.52M,-0.74%
2013-01-18,4.04,4.04,4.06,4.04,2.88M,0.00%
2013-01-17,4.04,4.05,4.06,4.03,12.18M,0.00%
2013-01-16,4.04,4.11,4.12,4.04,4.98M,-1.22%
2013-01-15,4.09,4.11,4.17,4.08,4.07M,0.00%
2013-01-14,4.09,4.12,4.12,4.08,3.21M,0.25%
2013-01-11,4.08,4.08,4.12,4.06,2.19M,0.25%
2013-01-10,4.07,4.20,4.20,4.07,1.86M,-1.69%
2013-01-09,4.14,4.08,4.18,4.08,3.20M,1.47%
2013-01-08,4.08,4.18,4.18,4.08,2.78M,-2.86%
2013-01-07,4.20,4.18,4.21,4.16,2.56M,0.48%
2013-01-04,4.18,4.16,4.18,4.12,4.99M,1.46%
2013-01-03,4.12,4.11,4.16,4.11,2.69M,0.49%
2013-01-02,4.10,4.12,4.12,4.04,1.83M,-0.49%
2012-12-31,4.12,4.01,4.12,4.01,6.85M,1.98%
2012-12-28,4.04,4.04,4.05,4.03,3.22M,1.00%
2012-12-27,4.00,4.01,4.03,3.99,5.99M,0.00%
2012-12-26,4.00,4.00,4.01,4.00,2.39M,0.00%
2012-12-24,4.00,4.00,4.01,3.99,5.25M,0.50%
2012-12-21,3.98,4.00,4.04,3.98,4.64M,-1.49%
2012-12-20,4.04,4.02,4.04,4.00,4.51M,0.75%
2012-12-19,4.01,4.03,4.03,4.00,5.16M,0.00%
2012-12-18,4.01,4.04,4.04,4.00,4.31M,0.25%
2012-12-17,4.00,4.04,4.04,3.99,2.64M,-0.50%
2012-12-14,4.02,4.04,4.04,3.98,3.64M,-0.50%
2012-12-13,4.04,4.05,4.06,4.01,3.23M,0.00%
2012-12-12,4.04,4.04,4.06,4.02,3.31M,0.00%
2012-12-11,4.04,4.00,4.06,4.00,3.45M,1.25%
2012-12-10,3.99,3.91,3.99,3.91,3.15M,2.05%
2012-12-07,3.91,3.92,3.93,3.91,2.96M,0.00%
2012-12-06,3.91,3.92,3.94,3.91,3.69M,-0.26%
2012-12-05,3.92,3.91,3.93,3.88,2.91M,0.26%
2012-12-04,3.91,3.95,3.95,3.90,6.20M,-2.01%
2012-12-03,3.99,3.99,4.00,3.96,2.44M,-0.50%
2012-11-30,4.01,4.04,4.04,3.97,4.64M,0.25%
2012-11-29,4.00,3.98,4.03,3.98,2.12M,-1.72%
2012-11-28,4.07,3.91,4.07,3.88,1.71M,3.83%
2012-11-27,3.92,3.93,3.93,3.91,3.31M,0.00%
2012-11-26,3.92,3.94,3.94,3.91,2.87M,0.26%
2012-11-23,3.91,3.92,3.92,3.90,3.61M,0.00%
2012-11-22,3.91,3.95,3.95,3.91,3.89M,-0.76%
2012-11-21,3.94,3.97,3.97,3.93,7.23M,-0.76%
2012-11-20,3.97,4.00,4.02,3.97,5.16M,-0.50%
2012-11-19,3.99,3.99,4.02,3.98,3.54M,-0.75%
2012-11-16,4.02,4.02,4.04,4.00,4.03M,0.00%
2012-11-14,4.02,4.04,4.07,4.00,2.88M,-0.50%
2012-11-12,4.04,4.08,4.08,4.02,1.79M,-0.74%
2012-11-09,4.07,4.07,4.08,4.04,1.47M,0.49%
2012-11-08,4.05,4.08,4.08,3.95,2.88M,-0.74%
2012-11-07,4.08,4.10,4.10,4.08,1.79M,0.00%
2012-11-06,4.08,4.04,4.08,4.04,1.75M,0.00%
2012-11-05,4.08,4.08,4.08,4.04,2.54M,0.25%
2012-11-02,4.07,4.10,4.11,4.07,1.15M,-0.49%
2012-11-01,4.09,4.10,4.10,4.06,1.16M,0.00%
2012-10-31,4.09,4.10,4.10,4.07,2.67M,0.25%
2012-10-30,4.08,4.06,4.10,4.05,1.26M,0.49%
2012-10-29,4.06,4.09,4.09,4.05,4.12M,-0.73%
2012-10-25,4.09,4.07,4.10,4.07,1.46M,0.00%
2012-10-24,4.09,4.04,4.11,4.04,2.23M,0.00%
2012-10-23,4.09,4.08,4.11,4.08,2.23M,0.49%
2012-10-22,4.07,4.08,4.08,4.04,1.72M,-0.49%
2012-10-19,4.09,4.09,4.10,4.08,2.92M,-0.24%
2012-10-18,4.10,4.08,4.12,4.08,2.72M,0.00%
2012-10-17,4.10,4.09,4.11,4.08,4.69M,0.24%
2012-10-16,4.09,4.12,4.12,4.08,2.27M,-0.49%
2012-10-15,4.11,4.08,4.12,4.08,1.89M,0.24%
2012-10-12,4.10,4.09,4.10,4.07,6.90M,0.24%
2012-10-11,4.09,4.11,4.11,4.08,3.66M,-0.49%
2012-10-10,4.11,4.10,4.12,4.08,4.87M,0.24%
2012-10-09,4.10,4.11,4.12,4.07,3.96M,-0.24%
2012-10-08,4.11,4.11,4.12,4.05,2.62M,0.24%
2012-10-05,4.10,4.07,4.10,4.06,1.24M,0.99%
2012-10-04,4.06,4.00,4.06,4.00,3.23M,1.00%
2012-10-03,4.02,4.06,4.07,3.96,4.23M,-0.74%
2012-10-02,4.05,4.07,4.07,4.04,2.95M,-0.49%
2012-10-01,4.07,4.05,4.08,4.02,2.34M,0.99%
2012-09-28,4.03,4.04,4.07,4.00,5.59M,-0.25%
2012-09-27,4.04,4.07,4.07,4.01,3.11M,0.00%
2012-09-26,4.04,4.08,4.08,4.01,2.41M,-0.98%
2012-09-25,4.08,3.96,4.14,3.90,2.72M,2.26%
2012-09-24,3.99,3.99,3.99,3.93,1.82M,-1.24%
2012-09-21,4.04,4.07,4.16,3.96,9.92M,0.00%
2012-09-20,4.04,4.11,4.12,4.04,3.10M,-1.70%
2012-09-19,4.11,4.12,4.13,4.10,2.04M,-0.72%
2012-09-18,4.14,4.11,4.15,4.10,3.51M,-0.48%
2012-09-14,4.16,4.11,4.17,4.11,4.72M,0.97%
2012-09-13,4.12,4.05,4.14,4.04,2.59M,1.98%
2012-09-12,4.04,4.08,4.08,4.03,3.07M,-1.46%
2012-09-11,4.10,4.05,4.10,4.00,2.28M,1.49%
2012-09-10,4.04,4.07,4.07,4.02,3.13M,-0.98%
2012-09-07,4.08,4.04,4.08,4.02,3.12M,0.99%
2012-09-06,4.04,4.04,4.06,4.04,3.71M,-0.98%
2012-09-05,4.08,4.17,4.17,4.07,4.05M,-2.86%
2012-09-04,4.20,4.21,4.21,4.16,609.00K,0.00%
2012-09-03,4.20,4.18,4.21,4.18,3.45M,0.96%
2012-08-30,4.16,4.11,4.21,4.10,2.66M,0.48%
2012-08-29,4.14,4.11,4.16,4.11,2.08M,0.00%
2012-08-28,4.14,4.15,4.16,4.14,1.56M,0.00%
2012-08-27,4.14,4.08,4.16,4.08,1.24M,1.47%
2012-08-24,4.08,4.14,4.18,4.08,2.21M,-1.45%
2012-08-23,4.14,4.12,4.14,4.11,1.48M,0.49%
2012-08-22,4.12,4.12,4.15,4.09,2.19M,0.00%
2012-08-17,4.12,4.15,4.17,4.12,3.80M,-0.72%
2012-08-16,4.15,4.18,4.21,4.15,3.70M,-1.89%
2012-08-15,4.23,4.23,4.25,4.19,1.57M,0.24%
2012-08-14,4.22,4.20,4.22,4.17,1.37M,0.96%
2012-08-13,4.18,4.16,4.27,4.16,949.50K,-1.88%
2012-08-10,4.26,4.15,4.26,4.15,2.12M,2.40%
2012-08-09,4.16,4.16,4.20,4.15,877.20K,-0.48%
2012-08-08,4.18,4.19,4.21,4.16,2.76M,0.72%
2012-08-07,4.15,4.15,4.19,4.15,2.59M,0.00%
2012-08-06,4.15,4.16,4.21,4.15,1.53M,-0.95%
2012-08-03,4.19,4.25,4.25,4.19,5.01M,-1.41%
2012-08-02,4.25,4.31,4.31,4.25,2.54M,-1.16%
2012-08-01,4.30,4.29,4.33,4.27,2.56M,-0.46%
2012-07-31,4.32,4.31,4.33,4.30,4.75M,0.00%
2012-07-30,4.32,4.29,4.32,4.24,1.28M,0.70%
2012-07-27,4.29,4.29,4.30,4.26,2.03M,0.47%
2012-07-26,4.27,4.29,4.32,4.25,2.32M,-0.23%
2012-07-25,4.28,4.29,4.29,4.25,2.24M,-0.23%
2012-07-24,4.29,4.31,4.33,4.25,4.33M,-0.46%
2012-07-23,4.31,4.35,4.36,4.29,1.99M,-1.15%
2012-07-20,4.36,4.35,4.38,4.35,6.04M,0.23%
2012-07-19,4.35,4.29,4.37,4.29,7.88M,1.64%
2012-07-18,4.28,4.25,4.28,4.24,2.64M,0.71%
2012-07-17,4.25,4.25,4.26,4.25,3.42M,0.00%
2012-07-16,4.25,4.27,4.27,4.23,2.26M,0.00%
2012-07-13,4.25,4.25,4.27,4.25,1.01M,-0.23%
2012-07-12,4.26,4.26,4.26,4.25,4.54M,-0.23%
2012-07-11,4.27,4.21,4.27,4.21,6.21M,0.47%
2012-07-10,4.25,4.26,4.27,4.24,2.96M,0.24%
2012-07-09,4.24,4.25,4.26,4.23,3.69M,-0.70%
2012-07-06,4.27,4.25,4.27,4.21,3.07M,1.18%
2012-07-05,4.22,4.25,4.25,4.21,3.03M,-0.71%
2012-07-04,4.25,4.26,4.27,4.25,3.62M,0.71%
2012-07-03,4.22,4.21,4.25,4.21,6.58M,0.48%
2012-07-02,4.20,4.19,4.23,4.19,2.35M,0.00%
2012-06-29,4.20,4.16,4.25,4.16,7.50M,0.96%
2012-06-28,4.16,4.18,4.19,4.16,4.32M,-1.19%
2012-06-27,4.21,4.18,4.21,4.17,4.23M,0.24%
2012-06-26,4.20,4.21,4.23,4.16,2.45M,-0.24%
2012-06-25,4.21,4.26,4.27,4.21,2.20M,-1.41%
2012-06-22,4.27,4.22,4.27,4.14,4.59M,0.47%
2012-06-21,4.25,4.25,4.25,4.22,3.49M,0.00%
2012-06-20,4.25,4.27,4.27,4.23,6.10M,0.00%
2012-06-19,4.25,4.21,4.26,4.21,2.29M,0.71%
2012-06-18,4.22,4.26,4.28,4.20,3.56M,-1.40%
2012-06-15,4.28,4.11,4.29,4.08,4.79M,3.88%
2012-06-14,4.12,4.15,4.16,4.12,3.47M,-0.48%
2012-06-13,4.14,4.11,4.15,4.08,4.41M,0.73%
2012-06-12,4.11,4.12,4.14,4.10,4.17M,-0.24%
2012-06-11,4.12,4.09,4.16,4.09,2.76M,0.73%
2012-06-08,4.09,4.11,4.12,4.06,3.39M,-1.68%
2012-06-07,4.16,4.17,4.19,4.15,3.40M,0.24%
2012-06-06,4.15,4.08,4.17,4.08,2.94M,1.47%
2012-06-05,4.09,4.05,4.10,4.04,2.95M,1.24%
2012-06-04,4.04,4.11,4.15,4.04,4.88M,-3.81%
2012-06-01,4.20,4.14,4.25,4.14,1.49M,-1.18%
2012-05-31,4.25,4.19,4.26,4.18,7.60M,0.47%
2012-05-30,4.23,4.12,4.25,4.12,3.77M,2.92%
2012-05-29,4.11,4.04,4.12,4.04,1.12M,1.73%
2012-05-28,4.04,4.03,4.06,4.01,2.21M,1.00%
2012-05-25,4.00,4.04,4.04,4.00,1.31M,-0.50%
2012-05-24,4.02,4.06,4.06,4.00,2.54M,0.00%
2012-05-23,4.02,4.06,4.06,4.00,2.59M,-0.50%
2012-05-22,4.04,4.05,4.10,4.00,1.40M,1.00%
2012-05-21,4.00,4.00,4.06,3.98,901.10K,0.25%
2012-05-18,3.99,4.00,4.00,3.98,3.15M,-0.25%
2012-05-17,4.00,3.98,4.03,3.98,5.79M,1.01%
2012-05-16,3.96,4.02,4.04,3.96,7.76M,-2.22%
2012-05-15,4.05,4.19,4.19,4.05,3.55M,-3.34%
2012-05-14,4.19,4.21,4.21,4.19,2.98M,-0.48%
2012-05-11,4.21,4.24,4.25,4.21,3.40M,-0.24%
2012-05-10,4.22,4.24,4.25,4.22,2.62M,-0.47%
2012-05-09,4.24,4.28,4.28,4.24,1.46M,-1.17%
2012-05-08,4.29,4.23,4.29,4.23,1.12M,0.94%
2012-05-07,4.25,4.25,4.25,4.21,3.80M,-0.23%
2012-05-04,4.26,4.25,4.32,4.23,10.57M,0.47%
2012-05-03,4.24,4.28,4.28,4.23,1.22M,-0.93%
2012-05-02,4.28,4.22,4.28,4.21,3.32M,1.42%
2012-04-30,4.22,4.21,4.27,4.21,4.09M,0.24%
2012-04-27,4.21,4.30,4.30,4.19,4.10M,-1.86%
2012-04-26,4.29,4.31,4.31,4.25,1.20M,0.00%
2012-04-25,4.29,4.29,4.31,4.29,2.65M,0.00%
2012-04-24,4.29,4.31,4.31,4.29,3.28M,-0.92%
2012-04-23,4.33,4.33,4.34,4.29,2.82M,0.23%
2012-04-20,4.32,4.34,4.34,4.30,3.34M,-0.23%
2012-04-19,4.33,4.35,4.35,4.31,3.19M,-0.23%
2012-04-18,4.34,4.33,4.35,4.33,2.66M,0.46%
2012-04-17,4.32,4.34,4.35,4.32,3.16M,0.00%
2012-04-16,4.32,4.33,4.33,4.29,4.30M,-0.92%
2012-04-13,4.36,4.35,4.37,4.33,3.39M,-0.23%
2012-04-12,4.37,4.29,4.37,4.29,5.18M,0.00%
2012-04-10,4.37,4.27,4.37,4.27,5.41M,2.10%
2012-04-09,4.28,4.30,4.30,4.27,1.63M,-0.47%
2012-04-06,4.30,4.31,4.31,4.29,572.10K,-0.23%
2012-04-05,4.31,4.31,4.32,4.29,1.21M,-0.23%
2012-04-04,4.32,4.34,4.34,4.29,984.40K,-0.23%
2012-04-03,4.33,4.33,4.35,4.33,3.81M,-0.92%
2012-04-02,4.37,4.27,4.37,4.26,8.65M,1.16%
2012-03-30,4.32,4.35,4.35,4.30,7.57M,1.41%
2012-03-29,4.26,4.25,4.28,4.24,3.08M,-0.23%
2012-03-28,4.27,4.34,4.35,4.26,3.47M,-1.61%
2012-03-27,4.34,4.34,4.38,4.30,3.55M,0.46%
2012-03-26,4.32,4.36,4.36,4.29,1.06M,-0.69%
2012-03-23,4.35,4.30,4.35,4.26,1.33M,1.64%
2012-03-22,4.28,4.33,4.33,4.28,3.52M,-1.61%
2012-03-21,4.35,4.25,4.35,4.25,4.61M,1.64%
2012-03-20,4.28,4.26,4.29,4.25,3.53M,0.94%
2012-03-19,4.24,4.24,4.27,4.24,1.55M,0.00%
2012-03-16,4.24,4.27,4.30,4.20,11.70M,-1.40%
2012-03-15,4.30,4.26,4.30,4.23,2.85M,0.00%
2012-03-14,4.30,4.30,4.31,4.17,3.68M,-0.46%
2012-03-13,4.32,4.29,4.33,4.29,2.06M,0.47%
2012-03-12,4.30,4.34,4.34,4.30,1.63M,-1.15%
2012-03-09,4.35,4.37,4.37,4.35,5.85M,-0.23%
2012-03-08,4.36,4.37,4.37,4.35,4.70M,0.00%
2012-03-07,4.36,4.38,4.38,4.35,4.43M,-0.23%
2012-03-06,4.37,4.39,4.39,4.35,2.46M,-0.23%
2012-03-05,4.38,4.41,4.41,4.37,951.40K,0.00%
2012-03-02,4.38,4.37,4.39,4.35,1.31M,0.23%
2012-03-01,4.37,4.35,4.40,4.34,3.53M,0.00%
2012-02-29,4.37,4.38,4.41,4.36,6.41M,0.00%
2012-02-28,4.37,4.39,4.39,4.36,3.24M,0.00%
2012-02-27,4.37,4.41,4.42,4.36,3.65M,-0.46%
2012-02-24,4.39,4.30,4.39,4.28,2.99M,-17.64%
2012-02-23,5.33,5.35,5.35,5.28,6.95M,-0.19%
2012-02-22,5.34,5.40,5.44,5.34,5.31M,-1.84%
2012-02-21,5.44,5.44,5.44,5.41,3.31M,0.00%
2012-02-20,5.44,5.42,5.44,5.39,2.58M,0.37%
2012-02-17,5.42,5.45,5.47,5.42,3.43M,0.18%
2012-02-16,5.41,5.41,5.42,5.40,3.40M,-0.37%
2012-02-15,5.43,5.49,5.49,5.41,5.95M,-1.09%
2012-02-14,5.49,5.51,5.51,5.47,3.25M,-0.18%
2012-02-13,5.50,5.50,5.55,5.47,3.05M,0.55%
2012-02-10,5.47,5.55,5.55,5.46,2.25M,-2.32%
2012-02-09,5.60,5.43,5.60,5.39,4.94M,2.38%
2012-02-08,5.47,5.50,5.50,5.41,8.45M,0.55%
2012-02-03,5.44,5.42,5.46,5.34,5.11M,0.37%
2012-02-02,5.42,5.46,5.50,5.37,8.74M,0.37%
2012-01-31,5.40,5.40,5.40,5.30,7.75M,0.00%
2012-01-30,5.40,5.48,5.49,5.35,3.45M,-1.28%
2012-01-27,5.47,5.44,5.47,5.41,3.60M,0.55%
2012-01-26,5.44,5.44,5.46,5.43,3.95M,0.00%
2012-01-25,5.44,5.44,5.48,5.41,5.11M,0.93%
2012-01-20,5.39,5.39,5.44,5.38,4.45M,0.00%
2012-01-19,5.39,5.35,5.42,5.35,5.04M,0.75%
2012-01-18,5.35,5.35,5.39,5.31,2.80M,0.38%
2012-01-17,5.33,5.31,5.35,5.31,6.80M,-0.19%
2012-01-16,5.34,5.43,5.45,5.30,2.44M,-1.66%
2012-01-13,5.43,5.46,5.47,5.40,2.87M,-1.09%
2012-01-12,5.49,5.43,5.49,5.42,3.39M,0.00%
2012-01-11,5.49,5.38,5.49,5.38,8.43M,1.86%
2012-01-10,5.39,5.38,5.42,5.37,4.80M,-0.19%
2012-01-09,5.40,5.35,5.40,5.35,5.25M,0.00%
2012-01-06,5.40,5.37,5.40,5.33,3.23M,0.75%
2012-01-05,5.36,5.33,5.41,5.28,3.13M,0.56%
2012-01-04,5.33,5.39,5.44,5.32,5.24M,-0.19%
2012-01-03,5.34,5.29,5.40,5.28,5.65M,-0.74%
2011-12-30,5.38,5.28,5.43,5.27,6.81M,1.89%
2011-12-29,5.28,5.22,5.30,5.21,3.43M,-0.19%
2011-12-28,5.29,5.27,5.30,5.20,1.57M,0.57%
2011-12-27,5.26,5.17,5.26,5.14,1.46M,1.35%
2011-12-23,5.19,5.14,5.19,5.14,1.19M,0.97%
2011-12-22,5.14,5.11,5.17,5.08,2.09M,-0.19%
2011-12-21,5.15,5.08,5.17,5.05,2.28M,1.98%
2011-12-20,5.05,5.10,5.10,5.05,5.63M,-0.98%
2011-12-19,5.10,5.03,5.10,5.03,3.07M,0.99%
2011-12-16,5.05,5.09,5.15,5.05,4.70M,-1.94%
2011-12-15,5.15,5.04,5.15,5.02,2.59M,1.18%
2011-12-14,5.09,5.07,5.13,5.07,1.61M,-0.59%
2011-12-13,5.12,5.05,5.14,5.05,2.29M,0.39%
2011-12-12,5.10,5.04,5.13,5.04,3.09M,1.19%
2011-12-09,5.04,5.01,5.07,5.01,3.50M,-0.59%
2011-12-08,5.07,5.10,5.10,5.02,4.39M,-0.98%
2011-12-07,5.12,5.19,5.19,5.10,7.23M,-1.16%
2011-12-06,5.18,5.12,5.20,5.12,4.35M,0.00%
2011-12-05,5.18,5.21,5.22,5.17,2.62M,0.00%
2011-12-02,5.18,5.18,5.20,5.12,3.95M,0.00%
2011-12-01,5.18,5.16,5.20,5.12,8.46M,3.39%
2011-11-30,5.01,4.95,5.02,4.95,5.52M,1.21%
2011-11-29,4.95,4.96,5.03,4.95,4.42M,-0.40%
2011-11-25,4.97,5.00,5.00,4.93,2.94M,-0.60%
2011-11-24,5.00,4.92,5.02,4.91,2.41M,1.63%
2011-11-23,4.92,4.94,4.94,4.90,3.60M,-1.20%
2011-11-22,4.98,4.95,4.98,4.92,4.66M,0.20%
2011-11-21,4.97,5.00,5.04,4.96,5.91M,-1.78%
2011-11-18,5.06,5.10,5.18,5.06,2.87M,-0.59%
2011-11-17,5.09,5.20,5.21,5.09,2.05M,-2.68%
2011-11-16,5.23,5.15,5.23,5.09,2.76M,2.35%
2011-11-15,5.11,5.10,5.16,5.09,1.85M,-1.16%
2011-11-14,5.17,5.05,5.21,5.05,5.14M,2.58%
2011-11-11,5.04,5.06,5.09,5.04,1.60M,-0.20%
2011-11-10,5.05,5.07,5.09,5.04,2.04M,-2.32%
2011-11-09,5.17,5.19,5.25,5.12,4.78M,0.00%
2011-11-08,5.17,5.24,5.25,5.15,3.26M,-0.77%
2011-11-04,5.21,5.10,5.21,5.07,3.57M,2.56%
2011-11-03,5.08,5.17,5.17,4.99,2.84M,-1.17%
2011-11-02,5.14,5.04,5.20,4.99,3.47M,0.98%
2011-11-01,5.09,5.22,5.22,5.03,2.63M,-3.05%
2011-10-31,5.25,5.14,5.29,5.09,4.13M,2.14%
2011-10-28,5.14,5.30,5.32,5.09,6.34M,-2.28%
2011-10-27,5.26,5.12,5.30,5.12,8.55M,3.14%
2011-10-25,5.10,5.08,5.11,5.00,2.70M,1.39%
2011-10-24,5.03,5.05,5.14,5.03,3.43M,0.60%
2011-10-21,5.00,5.00,5.04,3.75,1.29M,0.00%
2011-10-20,5.00,4.98,5.01,4.85,2.05M,0.00%
2011-10-19,5.00,5.02,5.04,4.89,5.40M,0.00%
2011-10-18,5.00,5.13,5.13,4.90,2.36M,-2.72%
2011-10-17,5.14,5.10,5.15,5.09,5.02M,2.19%
2011-10-14,5.03,5.13,5.13,5.01,2.69M,-1.95%
2011-10-13,5.13,5.01,5.15,5.00,6.50M,2.60%
2011-10-12,5.00,4.87,5.00,4.79,3.77M,2.67%
2011-10-11,4.87,4.81,4.89,4.78,4.39M,2.74%
2011-10-10,4.74,4.78,4.80,4.68,2.48M,-1.66%
2011-10-07,4.82,4.59,4.82,4.52,6.16M,5.93%
2011-10-06,4.55,4.51,4.55,4.45,4.15M,2.48%
2011-10-05,4.44,4.46,4.61,4.43,3.95M,0.23%
2011-10-04,4.43,4.46,4.60,4.42,1.93M,-0.67%
2011-10-03,4.46,4.60,4.60,4.44,4.38M,-4.09%
2011-09-30,4.65,4.51,4.65,4.49,4.47M,2.88%
2011-09-29,4.52,4.43,4.55,4.40,3.75M,1.57%
2011-09-28,4.45,4.49,4.55,4.38,6.69M,-0.22%
2011-09-27,4.46,4.40,4.48,4.40,9.14M,2.29%
2011-09-26,4.36,4.47,4.51,4.26,5.31M,-3.33%
2011-09-23,4.51,4.56,4.66,4.47,4.40M,-2.38%
2011-09-22,4.62,4.63,4.69,4.62,3.85M,-1.91%
2011-09-21,4.71,4.66,4.79,4.66,4.88M,0.64%
2011-09-20,4.68,4.56,4.68,4.51,4.41M,1.74%
2011-09-19,4.60,4.64,4.67,4.57,4.99M,-0.43%
2011-09-15,4.62,4.68,4.73,4.62,6.81M,0.22%
2011-09-14,4.61,4.69,4.70,4.60,2.99M,0.00%
2011-09-13,4.61,4.64,4.74,4.61,1.34M,-0.43%
2011-09-12,4.63,4.70,4.70,4.61,4.60M,-3.14%
2011-09-09,4.78,4.73,4.82,4.73,1.51M,-0.62%
2011-09-08,4.81,4.70,4.82,4.66,5.17M,3.00%
2011-09-07,4.67,4.57,4.67,4.57,4.92M,2.41%
2011-09-06,4.56,4.72,4.72,4.56,5.81M,-2.98%
2011-09-05,4.70,4.76,4.82,4.69,3.39M,-1.88%
2011-09-02,4.79,4.60,4.84,4.60,10.24M,6.21%
2011-08-29,4.51,4.58,4.61,4.51,8.89M,-2.17%
2011-08-26,4.61,4.74,4.76,4.53,6.29M,-3.56%
2011-08-25,4.78,4.69,4.82,4.69,4.18M,2.36%
2011-08-24,4.67,4.64,4.78,4.57,4.28M,0.65%
