Date,Open,High,Low,Last,Change,Settle,Volume,Previous Day Open Interest
2013-11-08,786.75,786.75,794.75,786.75,,786.75,,
2013-11-15,807.75,807.75,809.75,807.75,,807.75,,
2013-11-18,811.25,811.25,812.0,811.25,,811.25,,
2013-11-19,803.5,803.5,810.0,803.5,,803.5,,
2013-11-20,811.5,811.5,811.5,811.5,,811.5,,
2013-11-22,823.5,833.0,823.5,823.5,,823.5,,
2013-11-25,816.5,824.25,821.25,816.5,,816.5,,
2013-11-26,813.0,813.0,811.5,813.0,,813.0,,
2013-11-27,816.75,816.75,812.5,816.75,,816.75,,
2013-11-28,816.75,816.75,816.75,816.75,,816.75,,
2013-11-29,823.25,819.25,823.25,823.25,,823.25,,
2013-12-02,821.0,821.0,821.75,821.0,,821.0,,
2013-12-03,815.0,815.0,816.5,815.0,,815.0,,
2013-12-04,826.75,815.5,826.75,826.75,,826.75,,
2013-12-05,819.5,819.5,819.5,819.5,,819.5,,
2013-12-06,830.75,830.75,830.75,830.75,,830.75,,
2013-12-09,823.5,823.5,830.25,823.5,,823.5,,
2013-12-10,824.75,824.75,824.75,824.75,,824.75,,
2013-12-11,822.25,822.25,822.25,822.25,,822.25,,
2013-12-12,813.5,813.5,813.5,813.5,,813.5,,
2013-12-13,794.75,794.75,794.75,794.75,,794.75,,
2013-12-16,797.75,797.75,797.75,797.75,,797.75,,
2013-12-17,795.25,795.25,795.25,795.25,,795.25,,
2013-12-18,784.25,784.25,784.25,784.25,,784.25,,
2013-12-19,785.25,785.25,785.25,785.25,,785.25,,
2013-12-20,787.0,787.0,787.0,787.0,,787.0,,
2013-12-23,794.0,794.0,794.0,794.0,,794.0,,
2013-12-24,797.75,797.75,797.75,797.75,,797.75,,
2013-12-25,797.75,797.75,797.75,797.75,,797.75,,
2013-12-26,799.0,799.0,799.0,799.0,,799.0,,
2013-12-27,799.25,799.25,799.25,799.25,,799.25,,
2013-12-30,798.75,798.75,798.75,798.75,,798.75,,
2014-01-03,800.75,800.75,800.75,800.75,,800.75,,
2014-01-06,791.25,791.25,791.25,791.25,,791.25,,
2014-01-07,779.25,779.25,779.25,779.25,,779.25,,
2014-01-08,775.75,775.75,775.75,775.75,,775.75,,
2014-01-09,773.75,773.75,773.75,773.75,,773.75,,
2014-01-10,769.75,769.75,769.75,769.75,,769.75,,
2014-01-13,765.25,765.25,765.25,765.25,,765.25,,
2014-01-14,765.25,765.25,765.25,765.25,,765.25,,
2014-01-15,768.5,768.5,768.5,768.5,,768.5,,
2014-01-16,771.75,771.75,771.75,771.75,,771.75,,
2014-01-17,771.75,771.75,771.75,771.75,,771.75,,
2014-01-20,771.75,771.75,771.75,771.75,,771.75,,
2014-01-21,780.5,780.5,780.5,780.5,,780.5,,
2014-01-22,773.25,773.25,773.25,773.25,,773.25,,
2014-01-23,781.0,781.0,781.0,781.0,,781.0,,
2014-01-24,777.5,777.5,777.5,777.5,,777.5,,
2014-01-27,764.0,764.0,764.0,764.0,,764.0,,
2014-01-28,756.25,756.25,756.25,756.25,,756.25,,
2014-01-29,764.75,764.75,764.75,764.75,,764.75,,
2014-01-30,763.75,763.75,763.75,763.75,,763.75,,
2014-01-31,763.75,763.75,763.75,763.75,,763.75,,
2014-02-03,763.75,763.75,763.75,763.75,,763.75,,
2014-02-04,756.0,756.0,756.0,756.0,,756.0,,
2014-02-05,765.5,765.5,765.5,765.5,,765.5,,
2014-02-06,774.25,774.25,774.25,774.25,,774.25,,
2014-02-07,774.5,774.5,774.5,774.5,,774.5,,
2014-02-10,784.5,784.5,784.5,784.5,,784.5,,
2014-02-11,779.0,779.0,779.0,779.0,,779.0,,
2014-02-12,791.0,791.0,791.0,791.0,,791.0,,
2014-02-13,797.75,797.75,797.75,797.75,,797.75,,
2014-02-14,803.25,803.25,803.25,803.25,,803.25,,
2014-02-17,803.25,803.25,803.25,803.25,,803.25,,
2014-02-18,823.0,823.0,823.0,823.0,19.75,823.0,0.0,0.0
2014-02-19,819.5,819.5,819.5,819.5,3.5,819.5,0.0,0.0
2014-02-20,834.0,834.0,834.0,834.0,14.5,834.0,0.0,0.0
2014-02-21,834.25,834.25,834.25,834.25,0.25,834.25,0.0,0.0
2014-02-24,830.75,830.75,830.75,830.75,3.5,830.75,0.0,0.0
2014-02-25,834.75,834.75,834.75,834.75,4.0,834.75,0.0,0.0
2014-02-26,856.5,856.5,856.5,856.5,21.75,856.5,0.0,0.0
2014-02-28,854.75,854.75,854.75,854.75,7.0,854.75,0.0,0.0
2014-03-03,855.75,855.75,855.75,855.75,1.0,855.75,0.0,0.0
2014-03-04,853.0,853.0,853.0,853.0,2.75,853.0,0.0,0.0
2014-03-05,865.5,865.5,865.5,865.5,12.5,865.5,0.0,0.0
2014-03-06,878.5,878.5,878.5,878.5,13.0,878.5,0.0,0.0
2014-03-07,886.5,886.5,886.5,886.5,8.0,886.5,0.0,0.0
2014-03-10,884.25,884.25,884.25,884.25,2.25,884.25,0.0,0.0
2014-03-11,876.75,876.75,876.75,876.75,7.5,876.75,0.0,0.0
2014-03-12,858.25,858.25,858.25,858.25,18.5,858.25,0.0,0.0
2014-03-13,857.0,857.0,857.0,857.0,1.25,857.0,0.0,0.0
2014-03-14,844.25,844.25,844.25,844.25,6.0,844.25,0.0,0.0
2014-03-17,835.0,835.0,835.0,835.0,9.25,835.0,0.0,0.0
2014-03-18,837.75,837.75,837.75,837.75,2.75,837.75,0.0,0.0
2014-03-19,847.0,847.0,847.0,847.0,9.25,847.0,0.0,0.0
2014-03-20,841.5,841.5,841.5,841.5,5.5,841.5,0.0,0.0
2014-03-21,824.5,824.5,824.5,824.5,17.0,824.5,0.0,0.0
2014-03-24,818.0,818.0,818.0,818.0,6.5,818.0,0.0,0.0
2014-03-25,823.0,823.0,823.0,823.0,5.0,823.0,0.0,0.0
2014-03-26,815.0,815.0,815.0,815.0,8.0,815.0,0.0,0.0
2014-03-27,806.25,806.25,806.25,806.25,8.75,806.25,0.0,0.0
2014-03-28,810.75,810.75,810.75,810.75,4.5,810.75,0.0,0.0
2014-03-31,806.0,806.0,806.0,806.0,4.75,806.0,0.0,0.0
2014-04-01,802.0,802.0,802.0,802.0,4.0,802.0,0.0,0.0
2014-04-02,810.5,810.5,810.5,810.5,8.5,810.5,0.0,0.0
2014-04-03,803.5,803.5,803.5,803.5,7.0,803.5,0.0,0.0
2014-04-04,809.25,809.25,809.25,809.25,5.75,809.25,0.0,0.0
2014-04-07,802.75,802.75,802.75,802.75,6.5,802.75,0.0,0.0
2014-04-08,789.0,789.0,789.0,789.0,13.75,789.0,0.0,0.0
2014-04-09,809.25,809.25,809.25,809.25,20.25,809.25,0.0,0.0
2014-04-10,808.0,808.0,808.0,808.0,1.25,808.0,0.0,0.0
2014-04-11,807.5,807.5,807.5,807.5,0.5,807.5,0.0,0.0
2014-04-14,811.0,811.0,811.0,811.0,3.5,811.0,0.0,0.0
2014-04-15,813.5,813.5,813.5,813.5,7.75,813.5,0.0,0.0
2014-04-16,826.25,826.25,826.25,826.25,12.75,826.25,0.0,0.0
2014-04-17,816.75,816.75,816.75,816.75,9.5,816.75,0.0,0.0
2014-04-21,813.25,813.25,813.25,813.25,3.5,813.25,0.0,0.0
2014-04-22,822.0,817.75,822.0,817.75,8.75,822.0,0.0,0.0
2014-04-23,811.75,811.75,814.25,814.25,10.25,811.75,0.0,0.0
2014-04-24,812.25,812.25,812.25,812.25,0.5,812.25,0.0,0.0
2014-04-25,812.75,812.75,812.75,812.75,0.5,812.75,0.0,0.0
2014-04-28,817.0,817.0,817.0,817.0,4.25,817.0,0.0,0.0
2014-04-29,806.25,806.25,806.25,806.25,10.75,806.25,0.0,0.0
2014-04-30,803.0,803.0,803.0,803.0,3.25,803.0,0.0,0.0
2014-05-01,803.0,803.0,803.0,803.0,,803.0,0.0,0.0
2014-05-02,793.25,793.25,793.25,793.25,9.75,793.25,0.0,0.0
2014-05-05,792.25,792.25,792.25,792.25,1.0,792.25,0.0,0.0
2014-05-06,788.5,788.5,788.5,788.5,3.75,788.5,0.0,0.0
2014-05-07,793.5,793.5,793.5,793.5,5.0,793.5,0.0,0.0
2014-05-08,789.5,789.5,789.5,789.5,4.0,789.5,0.0,0.0
2014-05-09,798.5,798.5,798.5,798.5,9.0,798.5,0.0,0.0
2014-05-12,800.25,800.25,800.25,800.25,1.75,800.25,0.0,0.0
2014-05-13,800.25,800.25,800.25,800.25,,800.25,0.0,0.0
2014-05-14,808.5,808.5,808.5,808.5,8.25,808.5,0.0,0.0
2014-05-15,810.5,810.5,810.5,810.5,6.0,810.5,0.0,0.0
2014-05-16,798.25,798.25,798.25,798.25,12.25,798.25,0.0,0.0
2014-05-19,788.75,788.75,788.75,788.75,9.5,788.75,0.0,0.0
2014-05-20,785.25,785.25,785.25,785.25,3.5,785.25,0.0,0.0
2014-05-21,777.0,777.0,777.0,777.0,8.25,777.0,0.0,0.0
2014-05-22,786.5,786.5,786.5,786.5,9.5,786.5,0.0,0.0
2014-05-23,783.75,783.75,783.75,783.75,2.75,783.75,0.0,0.0
2014-05-27,780.0,780.0,780.0,780.0,3.75,780.0,0.0,0.0
2014-05-28,776.75,776.75,776.75,776.75,3.25,776.75,0.0,0.0
2014-05-29,763.75,763.75,763.75,763.75,13.0,763.75,0.0,0.0
2014-05-30,753.5,753.5,753.5,753.5,10.25,753.5,0.0,0.0
2014-06-02,748.75,748.75,748.75,748.75,4.75,748.75,0.0,0.0
2014-06-03,739.25,739.25,739.25,739.25,9.5,739.25,0.0,0.0
2014-06-04,751.5,751.5,751.5,751.5,12.25,751.5,0.0,0.0
2014-06-05,747.25,747.25,747.25,747.25,4.25,747.25,0.0,0.0
2014-06-06,749.0,749.0,749.0,749.0,1.75,749.0,0.0,0.0
2014-06-09,754.5,754.5,754.5,754.5,5.5,754.5,0.0,0.0
2014-06-10,744.5,744.5,744.5,744.5,10.0,744.5,0.0,0.0
2014-06-11,742.75,742.75,742.75,742.75,1.75,742.75,0.0,0.0
2014-06-12,747.25,747.25,747.25,747.25,4.5,747.25,0.0,0.0
2014-06-13,755.25,755.25,755.25,755.25,8.75,755.25,0.0,0.0
2014-06-16,753.25,753.25,753.25,753.25,2.0,753.25,0.0,0.0
2014-06-17,753.5,753.5,753.5,753.5,0.25,753.5,0.0,0.0
2014-06-18,762.25,762.25,762.25,762.25,8.75,762.25,0.0,0.0
2014-06-19,760.25,760.25,760.25,760.25,2.0,760.25,0.0,0.0
2014-06-20,758.5,758.5,758.5,758.5,1.75,758.5,0.0,0.0
2014-06-23,772.25,772.25,772.25,772.25,13.75,772.25,0.0,0.0
2014-06-24,772.25,772.25,772.25,772.25,,772.25,0.0,0.0
2014-06-25,770.25,770.25,770.25,770.25,2.0,770.25,0.0,0.0
2014-06-26,767.75,767.75,767.75,767.75,2.5,767.75,0.0,0.0
2014-06-27,761.0,761.0,761.0,761.0,6.75,761.0,0.0,0.0
2014-06-30,755.5,755.5,755.5,755.5,5.5,755.5,0.0,0.0
2014-07-01,754.25,754.25,754.25,754.25,1.25,754.25,0.0,0.0
2014-07-02,757.0,757.0,757.0,757.0,2.75,757.0,0.0,0.0
2014-07-03,756.25,756.25,756.25,756.25,0.75,756.25,0.0,0.0
2014-07-07,757.25,757.25,757.25,757.25,1.0,757.25,0.0,0.0
2014-07-08,750.0,750.0,750.0,750.0,7.25,750.0,0.0,0.0
2014-07-09,747.75,747.75,747.75,747.75,2.25,747.75,0.0,0.0
2014-07-10,752.0,752.0,752.0,752.0,4.25,752.0,0.0,0.0
2014-07-11,736.0,736.0,736.0,736.0,16.0,736.0,0.0,0.0
2014-07-14,723.5,723.5,723.5,723.5,12.5,723.5,0.0,0.0
2014-07-15,719.0,719.0,719.0,719.0,13.0,719.0,0.0,0.0
2014-07-16,721.75,721.75,721.75,721.75,2.75,721.75,0.0,0.0
2014-07-17,720.0,720.0,720.0,720.0,1.75,720.0,0.0,0.0
2014-07-18,724.5,724.5,724.5,724.5,4.5,724.5,0.0,0.0
2014-07-21,722.5,722.5,722.5,722.5,2.0,722.5,0.0,0.0
2014-07-22,718.75,718.75,718.75,718.75,3.75,718.75,0.0,0.0
2014-07-23,711.75,711.75,711.75,711.75,7.0,711.75,0.0,0.0
2014-07-24,719.75,719.75,719.75,719.75,8.0,719.75,0.0,0.0
2014-07-25,712.0,712.0,712.0,712.0,7.75,712.0,0.0,0.0
2014-07-28,711.5,711.5,711.5,711.5,,711.5,0.0,0.0
2014-07-29,712.0,712.0,712.0,712.0,,712.0,0.0,0.0
2014-07-30,712.75,712.75,712.75,712.75,0.75,712.75,0.0,0.0
2014-07-31,707.75,707.75,707.75,707.75,5.0,707.75,0.0,0.0
2014-08-01,712.0,712.0,712.0,712.0,4.25,712.0,0.0,0.0
2014-08-04,708.25,708.25,708.25,708.25,3.75,708.25,0.0,0.0
2014-08-05,705.75,705.75,705.75,705.75,1.75,705.75,0.0,0.0
2014-08-06,702.75,702.75,702.75,702.75,3.25,702.75,0.0,0.0
2014-08-07,703.0,703.0,703.0,703.0,0.25,703.0,0.0,0.0
2014-08-08,694.25,694.25,694.25,694.25,8.75,694.25,0.0,0.0
2014-08-11,679.5,679.5,679.5,679.5,14.0,679.5,0.0,0.0
2014-08-12,683.25,683.25,683.25,683.25,3.75,683.25,0.0,0.0
2014-08-13,681.75,681.75,681.75,681.75,1.5,681.75,0.0,0.0
2014-08-14,671.0,671.0,671.0,671.0,10.75,671.0,0.0,0.0
2014-08-15,659.0,659.0,659.0,659.0,12.0,659.0,0.0,0.0
2014-08-18,662.25,662.25,662.25,662.25,3.25,662.25,0.0,0.0
2014-08-19,656.0,656.0,656.0,656.0,6.25,656.0,0.0,0.0
2014-08-20,647.25,647.25,647.25,647.25,8.75,647.25,0.0,0.0
2014-08-21,643.0,643.0,643.0,643.0,4.25,643.0,0.0,0.0
2014-08-22,632.25,632.25,632.25,632.25,10.75,632.25,0.0,0.0
2014-08-25,641.0,641.0,641.0,641.0,8.75,641.0,0.0,0.0
2014-08-26,636.5,636.5,636.5,636.5,4.5,636.5,0.0,0.0
2014-08-27,626.5,626.5,626.5,626.5,10.0,626.5,0.0,0.0
2014-08-28,629.0,629.0,629.0,629.0,2.5,629.0,0.0,0.0
2014-08-29,611.25,611.25,611.25,611.25,17.75,611.25,0.0,0.0
2014-09-02,616.5,616.5,616.5,616.5,5.25,616.5,0.0,0.0
2014-09-03,621.0,621.0,621.0,621.0,4.5,621.0,0.0,0.0
2014-09-04,639.25,639.25,639.25,639.25,18.25,639.25,0.0,0.0
2014-09-05,635.25,635.25,635.25,635.25,4.0,635.25,0.0,0.0
2014-09-08,645.0,645.0,645.0,645.0,9.75,645.0,0.0,0.0
2014-09-09,637.25,637.25,637.25,637.25,7.75,637.25,0.0,0.0
2014-09-10,636.0,636.0,636.0,636.0,1.25,636.0,0.0,0.0
2014-09-11,646.5,646.5,646.5,646.5,10.5,646.5,0.0,0.0
2014-09-12,651.75,651.75,651.75,651.75,5.25,651.75,0.0,0.0
2014-09-15,660.25,660.25,660.25,660.25,3.5,660.25,0.0,0.0
2014-09-16,660.25,660.25,660.25,660.25,,660.25,0.0,0.0
2014-09-17,666.5,666.5,666.5,666.5,6.25,666.5,0.0,0.0
2014-09-18,662.5,662.5,662.5,662.5,4.0,662.5,0.0,0.0
2014-09-19,651.25,651.25,651.25,651.25,11.25,651.25,0.0,0.0
2014-09-22,648.25,648.25,648.25,648.25,3.0,648.25,0.0,0.0
2014-09-23,654.75,654.75,654.75,654.75,6.5,654.75,0.0,0.0
2014-09-24,663.75,663.75,663.75,663.75,9.0,663.75,0.0,0.0
2014-09-25,677.0,677.0,677.0,677.0,13.25,677.0,0.0,0.0
2014-09-26,667.25,667.25,667.25,667.25,9.75,667.25,0.0,0.0
2014-09-29,668.5,668.5,668.5,668.5,1.25,668.5,0.0,0.0
2014-09-30,677.5,677.5,677.5,677.5,9.0,677.5,0.0,0.0
2014-10-01,668.25,668.25,668.25,668.25,9.25,668.25,0.0,0.0
2014-10-02,659.75,659.75,659.75,659.75,8.5,659.75,0.0,0.0
2014-10-03,668.25,668.25,668.25,668.25,8.5,668.25,0.0,0.0
2014-10-06,668.25,668.25,668.25,668.25,,668.25,0.0,0.0
2014-10-07,672.0,672.0,672.0,672.0,1.0,672.0,0.0,0.0
2014-10-08,670.75,670.75,670.75,670.75,3.0,670.75,0.0,0.0
2014-10-09,676.25,676.25,676.25,676.25,5.5,676.25,0.0,0.0
2014-10-10,673.0,673.0,673.0,673.0,6.25,673.0,0.0,0.0
2014-10-13,664.5,664.5,664.5,664.5,8.5,664.5,0.0,0.0
2014-10-14,668.25,668.25,668.25,668.25,3.75,668.25,0.0,0.0
2014-10-15,652.5,652.5,652.5,652.5,15.75,652.5,0.0,0.0
2014-10-16,647.0,647.0,647.0,647.0,5.5,647.0,0.0,0.0
2014-10-17,651.75,651.75,651.75,651.75,4.75,651.75,0.0,0.0
2014-10-20,651.25,651.25,651.25,651.25,0.5,651.25,0.0,0.0
2014-10-21,655.0,655.0,655.0,655.0,3.75,655.0,0.0,0.0
2014-10-22,655.0,655.0,655.0,655.0,,655.0,0.0,0.0
2014-10-23,662.75,662.75,662.75,662.75,7.75,662.75,0.0,0.0
2014-10-24,664.75,664.75,664.75,664.75,2.0,664.75,0.0,0.0
2014-10-27,662.5,662.5,662.5,662.5,2.25,662.5,0.0,0.0
2014-10-28,675.0,675.0,675.0,675.0,12.5,675.0,0.0,0.0
2014-10-29,692.5,692.5,692.5,692.5,17.5,692.5,0.0,0.0
2014-10-30,693.25,693.25,693.25,693.25,0.75,693.25,0.0,0.0
2014-10-31,701.75,701.75,701.75,701.75,8.5,701.75,0.0,0.0
2014-11-03,706.75,706.75,706.75,706.75,5.0,706.75,0.0,0.0
2014-11-04,693.25,693.25,693.25,693.25,13.5,693.25,0.0,0.0
2014-11-05,676.0,676.0,676.0,676.0,17.25,676.0,0.0,0.0
2014-11-06,665.0,665.0,665.0,665.0,11.0,665.0,0.0,0.0
2014-11-07,656.25,656.25,656.25,656.25,8.75,656.25,0.0,0.0
2014-11-10,672.75,672.75,672.75,672.75,16.5,672.75,0.0,0.0
2014-11-11,677.75,677.75,677.75,677.75,5.0,677.75,0.0,0.0
2014-11-12,676.0,676.0,676.0,676.0,1.75,676.0,0.0,0.0
2014-11-13,668.75,668.75,668.75,668.75,7.25,668.75,0.0,0.0
2014-11-14,662.75,662.75,662.75,662.75,8.5,662.75,0.0,0.0
2014-11-17,670.0,670.0,670.0,670.0,4.25,670.0,0.0,0.0
2014-11-18,673.0,673.0,673.0,673.0,3.0,673.0,0.0,0.0
2014-11-19,670.75,670.75,670.75,670.75,2.25,670.75,0.0,0.0
2014-11-20,664.5,664.5,664.5,664.5,6.25,664.5,0.0,0.0
2014-11-21,668.5,668.5,668.5,668.5,4.0,668.5,0.0,0.0
2014-11-24,662.25,662.25,662.25,662.25,6.25,662.25,0.0,0.0
2014-11-25,664.0,664.0,664.0,664.0,1.75,664.0,0.0,0.0
2014-11-26,670.5,670.5,670.5,670.5,6.5,670.5,0.0,0.0
2014-11-28,646.0,646.0,646.0,646.0,24.5,646.0,0.0,0.0
2014-12-01,614.75,614.75,614.75,614.75,31.25,614.75,0.0,0.0
2014-12-02,625.75,625.75,625.75,625.75,11.0,625.75,0.0,0.0
2014-12-03,630.75,630.75,630.75,630.75,5.0,630.75,0.0,0.0
2014-12-04,629.0,629.0,629.0,629.0,1.75,629.0,0.0,0.0
2014-12-05,628.75,628.75,628.75,628.75,0.25,628.75,0.0,0.0
2014-12-08,621.5,621.5,621.5,621.5,7.25,621.5,0.0,0.0
2014-12-09,610.75,610.75,610.75,610.75,10.75,610.75,0.0,0.0
2014-12-10,625.0,625.0,625.0,625.0,14.25,625.0,0.0,0.0
2014-12-11,629.25,629.25,629.25,629.25,4.25,629.25,0.0,0.0
2014-12-12,622.0,622.0,622.0,622.0,7.25,622.0,0.0,0.0
2014-12-15,620.75,620.75,620.75,620.75,1.25,620.75,0.0,0.0
2014-12-16,606.5,606.5,606.5,606.5,14.25,606.5,0.0,0.0
2014-12-17,611.75,611.75,611.75,611.75,5.25,611.75,0.0,0.0
2014-12-18,618.25,618.25,618.25,618.25,6.5,618.25,0.0,0.0
2014-12-19,619.5,619.5,619.5,619.5,1.25,619.5,0.0,0.0
2014-12-22,622.5,622.5,622.5,622.5,3.0,622.5,0.0,0.0
2014-12-23,631.5,631.5,631.5,631.5,9.0,631.5,0.0,0.0
2014-12-24,634.0,634.0,634.0,634.0,2.5,634.0,0.0,0.0
2014-12-26,645.5,645.5,645.5,645.5,11.5,645.5,0.0,0.0
2014-12-29,653.75,653.75,653.75,653.75,8.25,653.75,0.0,0.0
2014-12-30,652.0,652.0,652.0,652.0,1.75,652.0,0.0,0.0
2014-12-31,648.25,648.25,648.25,648.25,3.75,648.25,0.0,0.0
2015-01-02,650.75,650.75,650.75,650.75,2.5,650.75,0.0,0.0
2015-01-05,640.0,640.0,640.0,640.0,10.75,640.0,0.0,0.0
2015-01-06,642.5,642.5,642.5,642.5,2.5,642.5,0.0,0.0
2015-01-07,650.0,650.0,650.0,650.0,7.5,650.0,0.0,0.0
2015-01-08,663.25,663.25,663.25,663.25,13.25,663.25,0.0,0.0
2015-01-09,661.25,661.25,661.25,661.25,2.0,661.25,0.0,0.0
2015-01-12,665.75,665.75,665.75,665.75,4.5,665.75,0.0,0.0
2015-01-13,658.25,658.25,658.25,658.25,7.5,658.25,0.0,0.0
2015-01-14,652.25,652.25,652.25,652.25,6.0,652.25,0.0,0.0
2015-01-15,646.5,646.5,646.5,646.5,8.5,646.5,0.0,0.0
2015-01-16,640.0,640.0,640.0,640.0,6.5,640.0,0.0,0.0
2015-01-20,638.75,638.75,638.75,638.75,1.25,638.75,0.0,0.0
2015-01-21,622.25,622.25,622.25,622.25,16.5,622.25,0.0,0.0
2015-01-22,617.25,617.25,617.25,617.25,5.0,617.25,0.0,0.0
2015-01-23,615.5,615.5,615.5,615.5,1.75,615.5,0.0,0.0
2015-01-26,597.0,597.0,597.0,597.0,18.5,597.0,0.0,0.0
2015-01-27,597.75,597.75,597.75,597.75,0.75,597.75,0.0,0.0
2015-01-29,582.5,582.5,582.5,582.5,23.5,582.5,0.0,0.0
2015-01-30,588.5,588.5,588.5,588.5,6.0,588.5,0.0,0.0
2015-02-02,588.5,588.5,588.5,588.5,,588.5,0.0,0.0
2015-02-03,588.5,588.5,588.5,588.5,,588.5,0.0,0.0
2015-02-04,613.5,613.5,613.5,613.5,25.0,613.5,0.0,0.0
2015-02-05,643.0,643.0,643.0,643.0,29.5,643.0,0.0,0.0
2015-02-06,657.5,657.5,657.5,657.5,14.5,657.5,0.0,0.0
2015-02-09,649.5,649.5,649.5,649.5,8.0,649.5,0.0,0.0
2015-02-10,641.25,641.25,641.25,641.25,8.25,641.25,0.0,0.0
2015-02-11,634.0,634.0,634.0,634.0,7.25,634.0,0.0,0.0
2015-02-12,633.0,633.0,633.0,633.0,1.0,633.0,0.0,0.0
2015-02-13,636.25,636.25,636.25,636.25,3.25,636.25,0.0,0.0
2015-02-17,637.25,637.25,637.25,637.25,1.0,637.25,0.0,0.0
2015-02-18,639.25,639.25,639.25,639.25,2.0,639.25,0.0,0.0
2015-02-19,639.25,639.25,639.25,639.25,,639.25,0.0,0.0
2015-02-20,639.25,639.25,639.25,639.25,,639.25,0.0,0.0
2015-02-23,615.75,615.75,615.75,615.75,23.5,615.75,0.0,0.0
2015-02-24,621.5,621.5,621.5,621.5,5.75,621.5,0.0,0.0
2015-02-25,620.5,620.5,620.5,620.5,1.0,620.5,0.0,0.0
2015-02-26,631.5,631.5,631.5,631.5,11.0,631.5,0.0,0.0
2015-02-27,637.25,637.25,637.25,637.25,5.75,637.25,0.0,0.0
2015-03-02,653.25,653.25,653.25,653.25,16.0,653.25,0.0,0.0
2015-03-03,655.5,655.5,655.5,655.5,2.25,655.5,0.0,0.0
2015-03-04,651.5,651.5,651.5,651.5,4.0,651.5,0.0,0.0
2015-03-05,635.25,635.25,635.25,635.25,16.25,635.25,0.0,0.0
2015-03-06,627.0,627.0,627.0,627.0,8.25,627.0,0.0,0.0
2015-03-09,615.5,615.5,615.5,615.5,11.5,615.5,0.0,0.0
2015-03-10,605.5,605.5,605.5,605.5,10.0,605.5,0.0,0.0
2015-03-11,612.75,612.75,612.75,612.75,7.25,612.75,0.0,0.0
2015-03-12,607.5,607.5,607.5,607.5,5.25,607.5,0.0,0.0
2015-03-13,605.0,605.0,605.0,605.0,0.75,605.0,0.0,0.0
2015-03-16,592.5,592.5,592.5,592.5,12.5,592.5,0.0,0.0
2015-03-17,578.75,578.75,578.75,578.75,13.75,578.75,0.0,0.0
2015-03-18,592.75,592.75,592.75,592.75,14.0,592.75,0.0,0.0
2015-03-19,600.25,600.25,600.25,600.25,7.5,600.25,0.0,0.0
2015-03-20,581.0,581.0,581.0,581.0,19.25,581.0,0.0,0.0
2015-03-23,591.25,591.25,591.25,591.25,10.25,591.25,0.0,0.0
2015-03-24,587.75,587.75,587.75,587.75,3.5,587.75,0.0,0.0
2015-03-25,592.75,592.75,592.75,592.75,5.0,592.75,0.0,0.0
2015-03-26,596.0,596.0,596.0,596.0,3.25,596.0,0.0,0.0
2015-03-27,591.0,591.0,591.0,591.0,5.0,591.0,0.0,0.0
2015-03-30,590.75,590.75,590.75,590.75,0.25,590.75,0.0,0.0
2015-03-31,582.0,582.0,582.0,582.0,8.75,582.0,0.0,0.0
2015-04-01,584.25,584.25,584.25,584.25,2.25,584.25,0.0,0.0
2015-04-02,588.5,588.5,588.5,588.5,4.25,588.5,0.0,0.0
2015-04-06,615.75,615.75,615.75,615.75,27.25,615.75,0.0,0.0
2015-04-07,608.5,608.5,608.5,608.5,7.25,608.5,0.0,0.0
2015-04-08,595.0,595.0,595.0,595.0,13.5,595.0,0.0,0.0
2015-04-09,585.0,585.0,585.0,585.0,10.0,585.0,0.0,0.0
2015-04-10,583.25,583.25,583.25,583.25,1.75,583.25,0.0,0.0
2015-04-13,576.25,576.25,576.25,576.25,7.0,576.25,0.0,0.0
2015-04-14,580.25,580.25,580.25,580.25,4.0,580.25,0.0,0.0
2015-04-15,580.5,580.5,580.5,580.5,1.75,580.5,0.0,0.0
2015-04-16,585.75,585.75,585.75,585.75,5.25,585.75,0.0,0.0
2015-04-17,591.0,591.0,591.0,591.0,5.25,591.0,0.0,0.0
2015-04-20,594.5,594.5,594.5,594.5,3.5,594.5,0.0,0.0
2015-04-21,595.75,595.75,595.75,595.75,1.25,595.75,0.0,0.0
2015-04-22,595.0,595.0,595.0,595.0,0.75,595.0,0.0,0.0
2015-04-23,594.5,594.5,594.5,594.5,0.5,594.5,0.0,0.0
2015-04-24,598.25,598.25,598.25,598.25,3.75,598.25,0.0,0.0
2015-04-27,591.75,591.75,591.75,591.75,6.5,591.75,0.0,0.0
2015-04-28,589.25,589.25,589.25,589.25,2.5,589.25,0.0,0.0
2015-04-29,584.0,584.0,584.0,584.0,5.25,584.0,0.0,0.0
2015-04-30,592.0,592.0,592.0,592.0,8.0,592.0,0.0,0.0
2015-05-01,592.0,592.0,592.0,592.0,,592.0,0.0,0.0
2015-05-04,592.0,592.0,592.0,592.0,,592.0,0.0,0.0
2015-05-05,598.0,598.0,598.0,598.0,6.0,598.0,0.0,0.0
2015-05-06,609.75,609.75,609.75,609.75,11.75,609.75,0.0,0.0
2015-05-07,605.75,605.75,605.75,605.75,4.0,605.75,0.0,0.0
2015-05-08,598.75,598.75,598.75,598.75,7.0,598.75,0.0,0.0
2015-05-11,608.5,608.5,608.5,608.5,9.75,608.5,0.0,0.0
2015-05-12,614.25,614.25,614.25,614.25,5.75,614.25,0.0,0.0
2015-05-13,610.0,610.0,610.0,610.0,4.25,610.0,0.0,0.0
2015-05-14,615.25,615.25,615.25,615.25,5.25,615.25,0.0,0.0
2015-05-15,612.25,612.25,612.25,612.25,3.25,612.25,0.0,0.0
2015-05-18,610.75,610.75,610.75,610.75,1.5,610.75,0.0,0.0
2015-05-19,601.0,601.0,601.0,601.0,9.75,601.0,0.0,0.0
2015-05-20,593.25,593.25,593.25,593.25,7.75,593.25,0.0,0.0
2015-05-21,598.75,598.75,598.75,598.75,5.5,598.75,0.0,0.0
2015-05-22,594.5,594.5,594.5,594.5,4.25,594.5,0.0,0.0
2015-05-26,603.75,603.75,603.75,603.75,9.25,603.75,0.0,0.0
2015-05-27,598.75,598.75,598.75,598.75,5.0,598.75,0.0,0.0
2015-05-28,605.25,605.25,605.25,605.25,6.5,605.25,0.0,0.0
2015-05-29,607.75,607.75,607.75,607.75,2.5,607.75,0.0,0.0
2015-06-01,624.5,624.5,624.5,624.5,16.75,624.5,0.0,0.0
2015-06-02,625.5,625.5,625.5,625.5,1.0,625.5,0.0,0.0
2015-06-03,623.75,623.75,623.75,623.75,1.75,623.75,0.0,0.0
2015-06-04,626.5,626.5,626.5,626.5,2.75,626.5,0.0,0.0
2015-06-05,630.5,630.5,630.5,630.5,4.0,630.5,0.0,0.0
2015-06-08,620.25,620.25,620.25,620.25,10.25,620.25,0.0,0.0
2015-06-09,616.25,616.25,616.25,616.25,4.0,616.25,0.0,0.0
2015-06-10,609.75,609.75,609.75,609.75,6.5,609.75,0.0,0.0
2015-06-11,614.25,614.25,614.25,614.25,4.5,614.25,0.0,0.0
2015-06-12,608.5,608.5,608.5,608.5,5.75,608.5,0.0,0.0
2015-06-15,601.75,601.75,601.75,601.75,7.0,601.75,0.0,0.0
2015-06-16,611.0,611.0,611.0,611.0,9.25,611.0,0.0,0.0
2015-06-17,612.0,612.0,612.0,612.0,1.0,612.0,0.0,0.0
2015-06-18,599.0,599.0,599.0,599.0,13.0,599.0,0.0,0.0
2015-06-19,602.75,602.75,602.75,602.75,3.75,602.75,0.0,0.0
2015-06-22,595.0,595.0,595.0,595.0,7.75,595.0,0.0,0.0
2015-06-23,591.5,591.5,591.5,591.5,3.5,591.5,0.0,0.0
2015-06-24,604.75,604.75,604.75,604.75,13.25,604.75,0.0,0.0
2015-06-25,601.75,601.75,601.75,601.75,3.0,601.75,0.0,0.0
2015-06-26,605.25,605.25,605.25,605.25,3.5,605.25,0.0,0.0
2015-06-29,599.25,599.25,599.25,599.25,6.0,599.25,0.0,0.0
2015-06-30,588.75,588.75,588.75,588.75,10.5,588.75,0.0,0.0
2015-07-01,606.5,606.5,606.5,606.5,17.75,606.5,0.0,0.0
2015-07-02,601.25,601.25,601.25,601.25,5.25,601.25,0.0,0.0
2015-07-06,587.0,587.0,587.0,587.0,14.25,587.0,0.0,0.0
2015-07-07,580.0,580.0,580.0,580.0,7.0,580.0,0.0,0.0
2015-07-08,564.5,564.5,564.5,564.5,15.5,564.5,0.0,0.0
2015-07-09,575.25,575.25,575.25,575.25,10.75,575.25,0.0,0.0
2015-07-10,580.0,580.0,580.0,580.0,4.75,580.0,0.0,0.0
2015-07-13,578.25,578.25,578.25,578.25,1.75,578.25,0.0,0.0
2015-07-14,578.25,578.25,578.25,578.25,,578.25,0.0,0.0
2015-07-15,581.5,581.5,581.5,581.5,1.5,581.5,0.0,0.0
2015-07-16,579.5,579.5,579.5,579.5,2.0,579.5,0.0,0.0
2015-07-17,579.5,579.5,579.5,579.5,,579.5,0.0,0.0
2015-07-20,577.75,577.75,577.75,577.75,1.75,577.75,0.0,0.0
2015-07-21,585.5,585.5,585.5,585.5,7.75,585.5,0.0,0.0
2015-07-22,584.75,584.75,584.75,584.75,0.75,584.75,0.0,0.0
2015-07-23,577.25,577.25,577.25,577.25,7.5,577.25,0.0,0.0
2015-07-24,574.25,574.25,574.25,574.25,3.0,574.25,0.0,0.0
2015-07-27,563.25,563.25,563.25,563.25,11.0,563.25,0.0,0.0
2015-07-28,560.0,560.0,560.0,560.0,3.25,560.0,0.0,0.0
2015-07-29,555.5,555.5,555.5,555.5,4.5,555.5,0.0,0.0
2015-07-30,559.5,559.5,559.5,559.5,4.0,559.5,0.0,0.0
2015-07-31,558.5,558.5,558.5,558.5,1.0,558.5,0.0,0.0
2015-08-03,538.0,538.0,538.0,538.0,20.5,538.0,0.0,0.0
2015-08-04,536.5,536.5,536.5,536.5,1.5,536.5,0.0,0.0
2015-08-05,528.0,528.0,528.0,528.0,8.5,528.0,0.0,0.0
2015-08-06,528.75,528.75,528.75,528.75,0.75,528.75,0.0,0.0
2015-08-07,523.75,523.75,523.75,523.75,5.0,523.75,0.0,0.0
2015-08-10,520.75,520.75,520.75,520.75,3.0,520.75,0.0,0.0
2015-08-11,520.75,520.75,520.75,520.75,,520.75,0.0,0.0
2015-08-12,503.5,503.5,503.5,503.5,17.25,503.5,0.0,0.0
2015-08-13,509.5,509.5,509.5,509.5,6.0,509.5,0.0,0.0
2015-08-14,493.25,493.25,493.25,493.25,16.25,493.25,0.0,0.0
2015-08-17,496.0,496.0,496.0,496.0,2.75,496.0,0.0,0.0
2015-08-18,501.5,501.5,501.5,501.5,5.5,501.5,0.0,0.0
2015-08-19,497.5,497.5,497.5,497.5,4.0,497.5,0.0,0.0
2015-08-20,485.25,485.25,485.25,485.25,12.25,485.25,0.0,0.0
2015-08-21,476.75,476.75,476.75,476.75,8.5,476.75,0.0,0.0
2015-08-24,450.0,450.0,450.0,450.0,26.75,450.0,0.0,0.0
2015-08-25,450.25,450.25,450.25,450.25,0.25,450.25,0.0,0.0
2015-08-26,437.5,437.5,437.5,437.5,12.75,437.5,0.0,0.0
2015-08-27,452.5,452.5,452.5,452.5,15.0,452.5,0.0,0.0
2015-08-28,472.75,472.75,472.75,472.75,20.25,472.75,0.0,0.0
2015-08-31,472.75,472.75,472.75,472.75,,472.75,0.0,0.0
2015-09-01,484.0,484.0,484.0,484.0,11.25,484.0,0.0,0.0
2015-09-02,470.0,470.0,470.0,470.0,14.0,470.0,0.0,0.0
2015-09-03,480.0,480.0,480.0,480.0,10.0,480.0,0.0,0.0
2015-09-04,476.5,476.5,476.5,476.5,3.5,476.5,0.0,0.0
2015-09-08,481.75,481.75,481.75,481.75,5.25,481.75,0.0,0.0
2015-09-09,490.5,490.5,490.5,490.5,8.75,490.5,0.0,0.0
2015-09-10,496.5,496.5,496.5,496.5,6.0,496.5,0.0,0.0
2015-09-11,494.75,494.75,494.75,494.75,1.75,494.75,0.0,0.0
2015-09-14,507.75,507.75,507.75,507.75,13.0,507.75,1.0,0.0
2015-09-15,517.25,517.25,517.25,517.25,10.75,517.25,0.0,0.0
2015-09-16,517.25,517.25,517.25,517.25,,517.25,0.0,0.0
2015-09-17,508.75,508.75,508.75,508.75,8.5,508.75,0.0,0.0
2015-09-18,504.5,504.5,504.5,504.5,4.25,504.5,0.0,0.0
2015-09-21,515.5,515.5,515.5,515.5,11.0,515.5,0.0,0.0
2015-09-22,517.5,517.5,517.5,517.5,2.0,517.5,0.0,0.0
2015-09-23,522.25,522.25,522.25,522.25,4.75,522.25,0.0,0.0
2015-09-24,522.25,522.25,522.25,522.25,,522.25,0.0,0.0
2015-09-25,540.25,540.25,540.25,540.25,18.0,540.25,0.0,0.0
2015-09-28,550.5,550.5,550.5,550.5,10.25,550.5,0.0,0.0
2015-09-29,553.5,553.5,553.5,553.5,3.0,553.5,0.0,0.0
2015-09-30,539.75,539.75,539.75,539.75,13.75,539.75,0.0,0.0
2015-10-01,553.25,553.25,553.25,553.25,13.5,553.25,0.0,0.0
2015-10-02,543.75,543.75,543.75,543.75,9.5,543.75,0.0,0.0
2015-10-05,554.5,554.5,554.5,554.5,10.75,554.5,0.0,0.0
2015-10-06,550.0,550.0,550.0,550.0,4.5,550.0,0.0,0.0
2015-10-07,543.0,543.0,543.0,543.0,7.0,543.0,0.0,0.0
2015-10-08,545.75,545.75,545.75,545.75,2.75,545.75,0.0,0.0
2015-10-09,545.25,545.25,545.25,545.25,0.5,545.25,0.0,0.0
2015-10-12,546.5,546.5,546.5,546.5,1.25,546.5,0.0,0.0
2015-10-13,561.75,561.75,561.75,561.75,15.25,561.75,0.0,0.0
2015-10-14,561.75,561.75,561.75,561.75,,561.75,0.0,0.0
2015-10-15,564.0,564.0,564.0,564.0,2.25,564.0,0.0,0.0
2015-10-16,553.75,553.75,553.75,553.75,10.25,553.75,0.0,0.0
2015-10-19,540.75,540.75,540.75,540.75,13.0,540.75,0.0,0.0
2015-10-20,545.0,545.0,545.0,545.0,4.25,545.0,0.0,0.0
2015-10-21,551.5,551.5,551.5,551.5,6.5,551.5,0.0,0.0
2015-10-22,552.0,552.0,552.0,552.0,0.5,552.0,0.0,0.0
2015-10-23,550.75,550.75,550.75,550.75,1.25,550.75,0.0,0.0
2015-10-26,534.75,534.75,534.75,534.75,16.0,534.75,0.0,0.0
2015-10-27,544.5,544.5,544.5,544.5,9.75,544.5,0.0,0.0
2015-10-28,547.25,547.25,547.25,547.25,2.75,547.25,0.0,0.0
2015-10-29,551.75,551.75,551.75,551.75,4.5,551.75,0.0,0.0
2015-10-30,549.0,549.0,549.0,549.0,2.75,549.0,0.0,0.0
2015-11-02,543.0,543.0,543.0,543.0,6.0,543.0,0.0,0.0
2015-11-03,539.0,539.0,539.0,539.0,4.0,539.0,0.0,0.0
2015-11-04,554.5,554.5,554.5,554.5,15.5,554.5,0.0,0.0
2015-11-05,547.75,547.75,547.75,547.75,6.75,547.75,0.0,0.0
2015-11-06,539.75,539.75,539.75,539.75,8.0,539.75,0.0,0.0
2015-11-09,546.75,546.75,546.75,546.75,7.0,546.75,1.0,0.0
2015-11-10,546.75,546.75,546.75,546.75,,546.75,0.0,0.0
2015-11-11,533.25,533.25,533.25,533.25,13.5,533.25,0.0,0.0
2015-11-12,534.0,534.0,534.0,534.0,0.75,534.0,0.0,0.0
2015-11-13,545.25,545.25,545.25,545.25,7.5,545.25,0.0,0.0
2015-11-16,534.75,534.75,534.75,534.75,10.5,534.75,0.0,0.0
2015-11-17,537.0,537.0,537.0,537.0,2.25,537.0,0.0,0.0
2015-11-18,540.25,540.25,540.25,540.25,3.25,540.25,0.0,0.0
2015-11-19,539.5,539.5,539.5,539.5,0.75,539.5,0.0,0.0
2015-11-20,542.5,542.5,542.5,542.5,3.0,542.5,0.0,0.0
2015-11-23,541.0,541.0,541.0,541.0,1.5,541.0,0.0,0.0
2015-11-24,542.75,542.75,542.75,542.75,1.75,542.75,0.0,0.0
2015-11-25,556.75,556.75,556.75,556.75,14.0,556.75,0.0,0.0
2015-11-27,566.75,566.75,566.75,566.75,10.0,566.75,0.0,0.0
2015-11-30,559.75,559.75,559.75,559.75,7.0,559.75,0.0,0.0
2015-12-01,560.25,560.25,560.25,560.25,0.5,560.25,0.0,0.0
2015-12-02,565.5,565.5,565.5,565.5,5.25,565.5,0.0,0.0
2015-12-03,567.25,567.25,567.25,567.25,1.75,567.25,0.0,0.0
2015-12-04,572.25,572.25,572.25,572.25,5.0,572.25,0.0,0.0
2016-07-11,553.0,553.0,553.0,553.0,1.0,553.0,0.0,0.0
2016-07-12,,,,,6.5,546.5,0.0,0.0
2016-07-13,,,,,14.25,560.75,0.0,0.0
2016-07-14,,,,,4.25,565.0,0.0,0.0
2016-07-15,,,,,7.25,572.25,0.0,0.0
2016-07-18,572.0,572.0,572.0,572.0,0.25,572.0,0.0,0.0
2016-07-19,,,,,5.25,577.25,0.0,0.0
2016-07-20,,,,,6.0,583.25,0.0,0.0
2016-07-21,,,,,2.0,581.25,0.0,0.0
2016-07-22,,,,,10.0,571.25,0.0,0.0
2016-07-25,557.5,557.5,557.5,557.5,13.75,557.5,0.0,0.0
2016-07-26,,,,,11.0,568.5,0.0,0.0
2016-07-27,,,,,0.5,569.0,0.0,0.0
2016-07-28,,,,,1.0,568.0,0.0,0.0
2016-07-29,,,,,3.25,571.25,0.0,0.0
2016-08-01,575.5,575.5,575.5,575.5,4.25,575.5,0.0,0.0
2016-08-02,,,,,3.75,579.25,0.0,0.0
2016-08-03,,,,,14.0,593.25,0.0,0.0
2016-08-04,,,,,7.25,600.5,0.0,0.0
2016-08-05,,,,,3.75,596.75,0.0,0.0
2016-08-08,595.0,595.0,595.0,595.0,1.75,595.0,0.0,0.0
2016-08-09,,,,,11.25,606.25,0.0,0.0
2016-08-10,,,,,10.0,616.25,0.0,0.0
2016-08-11,,,,,4.0,612.25,0.0,0.0
2016-08-12,,,,,3.75,616.0,0.0,0.0
2016-08-15,631.0,631.0,631.0,631.0,15.0,631.0,0.0,0.0
2016-08-16,,,,,8.5,622.5,0.0,0.0
2016-08-17,,,,,9.75,632.25,0.0,0.0
2016-08-18,,,,,5.5,626.75,0.0,0.0
2016-08-19,,,,,1.0,625.75,0.0,0.0
2016-08-22,622.5,622.5,622.5,622.5,3.25,622.5,0.0,0.0
2016-08-23,,,,,2.0,624.5,0.0,0.0
2016-08-24,,,,,1.0,625.5,0.0,0.0
2016-08-25,,,,,1.25,624.25,0.0,0.0
2016-08-26,624.0,624.0,624.0,624.0,0.25,624.0,0.0,0.0
2016-08-29,623.0,623.0,623.0,623.0,1.0,623.0,0.0,0.0
2016-08-30,623.0,623.0,623.0,623.0,,623.0,0.0,0.0
2016-08-31,622.5,622.5,622.5,622.5,0.5,622.5,0.0,0.0
2016-09-01,618.25,618.25,618.25,618.25,4.5,618.25,0.0,0.0
2016-09-02,634.25,634.25,634.25,634.25,16.0,634.25,0.0,0.0
2016-09-06,642.75,642.75,642.75,642.75,8.5,642.75,0.0,0.0
2016-09-07,,,,,3.25,639.5,0.0,0.0
2016-09-08,,,,,1.5,641.0,0.0,0.0
2016-09-09,,,,,4.5,645.5,0.0,0.0
2016-09-12,645.5,645.5,645.5,645.5,,645.5,0.0,0.0
2016-09-13,,,,,11.5,634.0,0.0,0.0
2016-09-14,,,,,5.5,628.5,0.0,0.0
2016-09-15,,,,,3.0,631.5,0.0,0.0
2016-09-16,,,,,,631.5,0.0,0.0
2016-09-19,628.0,628.0,628.0,628.0,3.5,628.0,0.0,0.0
2016-09-20,,,,,14.75,642.75,0.0,0.0
2016-09-21,,,,,1.75,641.0,0.0,0.0
2016-09-22,,,,,5.75,646.75,0.0,0.0
2016-09-23,,,,,,646.75,0.0,0.0
2016-09-26,645.25,645.25,645.25,645.25,1.5,645.25,0.0,0.0
2016-09-27,642.75,642.75,642.75,642.75,2.5,642.75,0.0,0.0
2016-09-28,640.5,640.5,640.5,640.5,2.25,640.5,0.0,0.0
2016-09-29,641.25,641.25,641.25,641.25,0.75,641.25,0.0,0.0
2016-09-30,641.0,641.0,641.0,641.0,0.25,641.0,0.0,0.0
2016-10-03,636.25,636.25,636.25,636.25,3.5,636.25,0.0,40.0
2016-10-04,,,,,11.5,624.75,0.0,40.0
2016-10-05,,,,,11.0,613.75,0.0,40.0
2016-10-06,,,,,5.75,619.5,0.0,40.0
2016-10-07,,,,,2.5,617.0,0.0,40.0
2016-10-10,613.25,613.25,613.25,613.25,3.75,613.25,0.0,40.0
2016-10-11,,,,,12.0,625.25,0.0,40.0
2016-10-12,,,,,5.25,630.5,0.0,40.0
2016-10-13,,,,,1.75,628.75,0.0,40.0
2016-10-14,,,,,3.5,632.25,0.0,40.0
2016-10-17,655.25,655.25,655.25,655.25,23.0,655.25,0.0,40.0
2016-10-18,,,,,8.75,646.5,0.0,40.0
2016-10-19,,,,,5.75,652.25,0.0,40.0
2016-10-20,,,,,2.75,649.5,0.0,40.0
2016-10-21,,,,,1.5,651.0,0.0,40.0
2016-10-24,676.25,676.25,676.25,676.25,25.25,676.25,0.0,40.0
2016-10-25,,,,,11.75,664.5,0.0,40.0
2016-10-26,,,,,7.25,671.75,0.0,40.0
2016-10-27,,,,,7.25,664.5,0.0,40.0
2016-10-28,,,,,1.5,663.0,0.0,40.0
2016-10-31,658.25,658.25,658.25,658.25,4.75,658.25,0.0,40.0
2016-11-01,,,,,6.25,652.0,0.0,40.0
2016-11-02,,,,,5.0,657.0,0.0,40.0
2016-11-03,,,,,5.25,662.25,0.0,40.0
2016-11-04,,,,,9.75,652.5,0.0,40.0
2016-11-07,661.5,661.5,661.5,661.5,9.0,661.5,0.0,40.0
2016-11-08,,,,,10.0,671.5,0.0,40.0
2016-11-09,,,,,0.25,671.25,0.0,40.0
2016-11-10,,,,,3.75,675.0,0.0,40.0
2016-11-11,,,,,8.0,683.0,0.0,40.0
2016-11-14,662.5,662.5,662.5,662.5,20.5,662.5,0.0,40.0
2016-11-15,,,,,4.5,658.0,0.0,40.0
2016-11-16,,,,,3.0,661.0,0.0,40.0
2016-11-17,661.0,661.0,661.0,661.0,,661.0,0.0,40.0
2016-11-18,659.0,659.0,659.0,659.0,2.0,659.0,0.0,40.0
2016-11-21,662.0,662.0,662.0,662.0,3.0,662.0,0.0,40.0
2016-11-22,662.75,662.75,662.75,662.75,0.75,662.75,0.0,40.0
2016-11-23,663.75,663.75,663.75,663.75,1.0,663.75,0.0,40.0
2016-11-25,666.5,666.5,666.5,666.5,2.75,666.5,0.0,40.0
2016-11-28,668.0,668.0,668.0,668.0,1.5,668.0,0.0,40.0
2016-11-29,667.25,667.25,667.25,667.25,0.75,667.25,0.0,40.0
2016-11-30,667.5,667.5,667.5,667.5,0.25,667.5,0.0,40.0
2016-12-01,,,,,4.5,683.5,0.0,520.0
2016-12-02,,,,,3.0,686.5,0.0,520.0
2016-12-05,699.0,699.0,699.0,699.0,12.5,699.0,0.0,520.0
2016-12-06,,,,,12.0,711.0,120.0,520.0
2016-12-07,,,,,7.75,703.25,60.0,400.0
2016-12-08,,,,,5.25,698.0,0.0,420.0
2016-12-09,,,,,6.5,691.5,0.0,420.0
2016-12-12,691.5,691.5,691.5,691.5,,691.5,0.0,420.0
2016-12-13,,,,,3.5,695.0,0.0,420.0
2016-12-14,,,,,1.75,696.75,40.0,420.0
2016-12-15,,,,,6.25,703.0,0.0,460.0
2016-12-16,,,,,1.25,704.25,0.0,460.0
2016-12-19,699.5,699.5,699.5,699.5,4.75,699.5,0.0,460.0
2016-12-20,686.75,686.75,686.75,686.75,12.75,686.75,0.0,460.0
2016-12-21,691.75,691.75,691.75,691.75,5.0,691.75,0.0,460.0
2016-12-22,685.25,685.25,685.25,685.25,6.5,685.25,0.0,460.0
2016-12-23,682.25,682.25,682.25,682.25,3.0,682.25,0.0,460.0
2016-12-27,696.0,696.0,696.0,696.0,13.75,696.0,0.0,460.0
2016-12-28,695.5,695.5,695.5,695.5,0.5,695.5,0.0,460.0
2016-12-29,690.5,690.5,690.5,690.5,5.0,690.5,0.0,460.0
2016-12-30,692.5,692.5,692.5,692.5,2.0,692.5,0.0,460.0
2017-01-03,704.25,704.25,704.25,704.25,11.75,704.25,0.0,460.0
2017-01-04,,,,,5.5,698.75,0.0,460.0
2017-01-05,,,,,8.0,690.75,0.0,460.0
2017-01-06,,,,,2.0,688.75,0.0,460.0
2017-01-09,695.25,695.25,695.25,695.25,6.5,695.25,0.0,460.0
2017-01-10,690.25,690.25,690.25,690.25,5.0,690.25,0.0,460.0
2017-01-11,698.25,698.25,698.25,698.25,8.0,698.25,0.0,460.0
2017-01-12,697.0,697.0,697.0,697.0,1.25,697.0,0.0,460.0
2017-01-13,697.75,697.75,697.75,697.75,0.75,697.75,0.0,460.0
2017-01-17,701.5,701.5,701.5,701.5,3.75,701.5,0.0,460.0
2017-01-18,,,,,0.75,702.25,0.0,460.0
2017-01-19,,,,,2.25,700.0,0.0,460.0
2017-01-20,,,,,2.0,698.0,0.0,460.0
2017-01-23,697.75,697.75,697.75,697.75,0.25,697.75,0.0,460.0
2017-01-24,,,,,3.25,701.0,0.0,460.0
2017-01-25,,,,,1.0,700.0,0.0,460.0
2017-01-26,698.75,698.75,698.75,698.75,1.25,698.75,0.0,460.0
2017-01-27,698.5,698.5,698.5,698.5,0.25,698.5,0.0,460.0
2017-01-30,698.5,698.5,698.5,698.5,,698.5,0.0,460.0
2017-01-31,698.0,698.0,698.0,698.0,0.5,698.0,0.0,460.0
2017-02-01,,,,,,666.25,0.0,60.0
2017-02-02,,,,,10.75,677.0,0.0,60.0
2017-02-03,,,,,5.75,671.25,0.0,60.0
2017-02-06,674.0,674.0,674.0,674.0,2.75,674.0,0.0,60.0
2017-02-07,,,,,0.75,674.75,0.0,60.0
2017-02-08,,,,,1.5,676.25,0.0,60.0
2017-02-09,,,,,,676.25,0.0,60.0
2017-02-10,,,,,3.75,672.5,0.0,60.0
2017-02-13,663.25,663.25,663.25,663.25,9.25,663.25,0.0,60.0
2017-02-14,663.75,663.75,663.75,663.75,0.5,663.75,0.0,60.0
2017-02-15,666.25,666.25,666.25,666.25,2.5,666.25,0.0,60.0
2017-02-16,657.25,657.25,657.25,657.25,9.0,657.25,0.0,60.0
2017-02-17,640.25,640.25,640.25,640.25,17.0,640.25,0.0,60.0
2017-02-21,621.5,621.5,621.5,621.5,18.75,621.5,0.0,60.0
2017-02-22,,,,,6.0,627.5,0.0,60.0
2017-02-23,,,,,4.5,623.0,0.0,60.0
2017-02-24,,,,,6.75,629.75,0.0,60.0
2017-02-27,618.75,618.75,618.75,618.75,11.0,618.75,0.0,60.0
2017-02-28,,,,,3.75,622.5,0.0,60.0
2017-03-01,,,,,14.25,636.75,0.0,60.0
2017-03-02,,,,,6.25,643.0,0.0,60.0
2017-03-03,,,,,0.5,642.5,0.0,60.0
2017-03-06,648.5,648.5,648.5,648.5,6.0,648.5,0.0,60.0
2017-03-07,,,,,6.0,642.5,0.0,60.0
2017-03-08,,,,,2.75,645.25,0.0,60.0
2017-03-09,,,,,6.75,638.5,0.0,60.0
2017-03-10,,,,,10.5,628.0,0.0,60.0
2017-03-13,,,,,6.25,621.75,0.0,60.0
2017-03-14,,,,,4.0,625.75,0.0,60.0
2017-03-15,,,,,8.0,633.75,0.0,60.0
2017-03-16,,,,,1.25,632.5,0.0,60.0
2017-03-17,,,,,0.5,633.0,0.0,60.0
2017-03-20,,,,,2.0,631.0,0.0,60.0
2017-03-21,,,,,3.0,634.0,0.0,60.0
2017-03-22,,,,,1.25,635.25,0.0,60.0
2017-03-23,,,,,3.75,631.5,0.0,60.0
2017-03-24,,,,,1.0,630.5,0.0,60.0
2017-03-27,,,,,2.5,628.0,0.0,60.0
2017-03-28,,,,,0.5,628.5,0.0,60.0
2017-03-29,,,,,0.25,628.75,0.0,60.0
2017-03-30,,,,,1.25,627.5,0.0,60.0
2017-03-31,,,,,,627.5,0.0,60.0
2017-04-03,,,,,3.75,584.25,0.0,168.0
2017-04-04,,,,,7.0,577.25,0.0,168.0
2017-04-05,,,,,13.75,591.0,0.0,168.0
2017-04-06,,,,,,591.0,0.0,168.0
2017-04-07,,,,,8.25,582.75,0.0,168.0
2017-04-10,,,,,12.0,570.75,0.0,168.0
2017-04-11,,,,,4.5,575.25,0.0,168.0
2017-04-12,,,,,3.25,572.0,0.0,168.0
2017-04-13,,,,,1.75,570.25,0.0,168.0
2017-04-17,,,,,2.0,568.25,0.0,168.0
2017-04-18,,,,,7.0,561.25,0.0,168.0
2017-04-19,,,,,0.25,561.0,0.0,168.0
2017-04-20,,,,,8.75,569.75,0.0,168.0
2017-04-21,,,,,6.25,576.0,0.0,168.0
2017-04-24,,,,,,576.0,0.0,168.0
2017-04-25,,,,,5.25,570.75,0.0,168.0
2017-04-26,,,,,7.75,578.5,0.0,168.0
2017-04-27,,,,,2.0,576.5,0.0,168.0
2017-04-28,,,,,2.75,579.25,0.0,168.0
2017-05-01,,,,,,579.25,0.0,168.0
2017-05-02,,,,,9.5,588.75,0.0,168.0
2017-05-03,,,,,4.0,584.75,0.0,168.0
2017-05-04,,,,,1.5,586.25,0.0,168.0
2017-05-05,,,,,7.0,593.25,0.0,168.0
2017-05-08,,,,,4.25,597.5,0.0,168.0
2017-05-09,,,,,4.25,601.75,0.0,168.0
2017-05-10,,,,,,601.75,0.0,168.0
2017-05-11,,,,,6.5,608.25,0.0,168.0
2017-05-12,,,,,2.75,605.5,0.0,168.0
2017-05-15,,,,,5.5,611.0,0.0,168.0
2017-05-16,,,,,8.0,603.0,0.0,168.0
2017-05-17,,,,,3.5,606.5,0.0,168.0
2017-05-18,,,,,2.25,604.25,0.0,168.0
2017-05-19,,,,,0.75,605.0,0.0,168.0
2017-05-22,,,,,3.5,608.5,0.0,168.0
2017-05-23,,,,,3.0,605.5,0.0,168.0
2017-05-24,,,,,2.5,603.0,0.0,168.0
2017-05-25,,,,,2.25,605.25,0.0,168.0
2017-05-26,,,,,2.25,603.0,0.0,168.0
2017-05-30,,,,,1.75,601.25,0.0,168.0
2017-05-31,,,,,,601.25,0.0,168.0
2017-06-01,,,,,2.25,585.75,0.0,368.0
2017-06-02,,,,,2.5,583.25,0.0,368.0
2017-06-05,,,,,2.25,585.5,0.0,368.0
2017-06-06,,,,,1.0,586.5,0.0,368.0
2017-06-07,,,,,9.25,577.25,0.0,368.0
2017-06-08,,,,,1.5,575.75,0.0,368.0
2017-06-09,,,,,1.75,577.5,0.0,368.0
2017-06-12,,,,,,577.5,0.0,368.0
2017-06-13,,,,,3.0,574.5,0.0,368.0
2017-06-14,,,,,3.0,577.5,0.0,368.0
2017-06-15,,,,,6.0,583.5,0.0,368.0
2017-06-16,,,,,3.25,580.25,0.0,368.0
2017-06-19,,,,,1.0,581.25,0.0,368.0
2017-06-20,,,,,2.75,578.5,0.0,368.0
2017-06-21,,,,,2.0,576.5,0.0,368.0
2017-06-22,,,,,0.5,577.0,0.0,368.0
2017-06-23,,,,,0.5,576.5,0.0,368.0
2017-06-26,,,,,,576.5,0.0,368.0
2017-06-27,,,,,,576.5,0.0,368.0
2017-06-28,,,,,,576.5,0.0,368.0
2017-06-29,,,,,0.75,577.25,0.0,368.0
2017-06-30,,,,,0.25,577.0,0.0,368.0
2017-07-03,,,,,11.0,582.5,0.0,240.0
2017-07-05,,,,,7.75,590.25,0.0,240.0
2017-07-06,,,,,4.0,594.25,0.0,240.0
2017-07-07,,,,,1.25,593.0,0.0,240.0
2017-07-10,,,,,7.0,600.0,0.0,240.0
2017-07-11,,,,,1.5,598.5,0.0,240.0
2017-07-12,,,,,0.25,598.25,0.0,240.0
2017-07-13,,,,,2.75,595.5,0.0,240.0
2017-07-14,,,,,1.0,596.5,0.0,240.0
2017-07-17,,,,,3.5,593.0,0.0,240.0
2017-07-18,,,,,2.5,590.5,0.0,240.0
2017-07-19,,,,,1.25,591.75,0.0,240.0
2017-07-20,,,,,4.25,596.0,0.0,240.0
2017-07-21,,,,,,596.0,0.0,240.0
2017-07-24,,,,,1.25,594.75,0.0,240.0
2017-07-25,,,,,4.0,598.75,0.0,240.0
2017-07-26,,,,,0.25,599.0,0.0,240.0
2017-07-27,,,,,1.75,600.75,0.0,240.0
2017-07-28,,,,,0.5,600.25,0.0,240.0
2017-07-31,,,,,0.25,600.5,0.0,240.0
2017-08-01,,,,,4.0,620.5,0.0,240.0
2017-08-02,,,,,4.0,616.5,0.0,240.0
2017-08-03,,,,,8.0,608.5,0.0,240.0
2017-08-04,,,,,2.0,610.5,0.0,240.0
2017-08-07,,,,,7.0,603.5,0.0,240.0
2017-08-08,,,,,9.75,613.25,0.0,240.0
2017-08-09,,,,,0.25,613.0,0.0,240.0
2017-08-10,,,,,4.5,617.5,0.0,240.0
2017-08-11,,,,,2.75,620.25,0.0,240.0
2017-08-14,,,,,2.0,618.25,0.0,240.0
2017-08-15,,,,,4.25,614.0,0.0,240.0
2017-08-16,,,,,0.25,614.25,0.0,240.0
2017-08-17,,,,,2.5,616.75,0.0,240.0
2017-08-18,,,,,2.0,618.75,0.0,240.0
2017-08-21,,,,,2.75,621.5,0.0,240.0
2017-08-22,,,,,2.25,623.75,0.0,240.0
2017-08-23,,,,,,623.75,0.0,240.0
2017-08-24,,,,,2.25,626.0,0.0,240.0
2017-08-25,,,,,1.0,625.0,0.0,240.0
2017-08-28,,,,,0.25,624.75,0.0,240.0
2017-08-29,,,,,0.5,624.25,0.0,240.0
2017-08-30,,,,,,624.25,0.0,240.0
2017-08-31,,,,,,624.25,0.0,240.0
2017-09-01,,,,,,634.75,0.0,240.0
2017-09-05,,,,,13.75,648.5,0.0,240.0
2017-09-06,,,,,2.0,646.5,0.0,240.0
2017-09-07,,,,,12.0,658.5,0.0,240.0
2017-09-08,,,,,,658.5,0.0,240.0
2017-09-11,,,,,5.5,664.0,0.0,240.0
2017-09-12,,,,,4.25,668.25,0.0,240.0
2017-09-13,,,,,7.0,675.25,0.0,240.0
2017-09-14,,,,,0.5,674.75,0.0,240.0
2017-09-15,,,,,0.25,674.5,0.0,240.0
2017-09-18,,,,,6.0,668.5,0.0,240.0
2017-09-19,,,,,4.25,664.25,0.0,240.0
2017-09-20,,,,,,664.25,0.0,240.0
2017-09-21,,,,,3.0,661.25,0.0,240.0
2017-09-22,,,,,,661.25,0.0,240.0
2017-09-25,,,,,2.75,658.5,0.0,240.0
2017-09-26,,,,,2.75,661.25,0.0,240.0
2017-09-27,,,,,0.5,660.75,0.0,240.0
2017-09-28,,,,,1.25,659.5,0.0,240.0
2017-09-29,,,,,,659.5,0.0,240.0
2017-10-02,,,,,8.25,629.5,0.0,40.0
2017-10-03,,,,,4.5,634.0,0.0,40.0
2017-10-04,,,,,8.5,642.5,0.0,40.0
2017-10-05,,,,,1.25,643.75,0.0,40.0
2017-10-06,,,,,1.0,644.75,0.0,40.0
2017-10-09,,,,,1.5,646.25,0.0,40.0
2017-10-10,,,,,8.5,637.75,0.0,40.0
2017-10-11,,,,,2.5,640.25,0.0,40.0
2017-10-12,,,,,3.25,643.5,0.0,40.0
2017-10-13,,,,,9.5,653.0,0.0,40.0
2017-10-16,,,,,1.75,654.75,0.0,40.0
2017-10-17,,,,,5.0,649.75,0.0,40.0
2017-10-18,,,,,,649.75,0.0,40.0
2017-10-19,,,,,4.5,645.25,0.0,40.0
2017-10-20,,,,,4.0,649.25,0.0,40.0
2017-10-23,,,,,9.75,659.0,0.0,40.0
2017-10-24,,,,,2.75,656.25,0.0,40.0
2017-10-25,,,,,6.0,662.25,0.0,40.0
2017-10-26,,,,,2.25,664.5,0.0,40.0
2017-10-27,,,,,0.5,664.0,0.0,40.0
2017-10-30,,,,,5.75,669.75,0.0,40.0
2017-10-31,,,,,4.0,665.75,0.0,40.0
2017-11-01,,,,,4.25,670.0,0.0,40.0
2017-11-02,,,,,2.5,667.5,0.0,40.0
2017-11-03,,,,,4.0,663.5,0.0,40.0
2017-11-06,,,,,5.75,657.75,0.0,40.0
2017-11-07,,,,,2.25,660.0,0.0,40.0
2017-11-08,,,,,6.25,666.25,0.0,40.0
2017-11-09,,,,,2.0,664.25,0.0,40.0
2017-11-10,,,,,2.0,666.25,0.0,40.0
2017-11-13,,,,,5.75,660.5,0.0,40.0
2017-11-14,,,,,5.75,654.75,0.0,40.0
2017-11-15,,,,,,654.75,0.0,40.0
2017-11-16,,,,,3.5,658.25,0.0,40.0
2017-11-17,,,,,1.75,656.5,0.0,40.0
2017-11-20,,,,,8.0,648.5,0.0,40.0
2017-11-21,,,,,,648.5,0.0,40.0
2017-11-22,,,,,2.75,651.25,0.0,40.0
2017-11-24,,,,,0.75,650.5,0.0,40.0
2017-11-27,,,,,1.75,648.75,0.0,40.0
2017-11-28,,,,,,648.75,0.0,40.0
2017-11-29,,,,,0.5,648.25,0.0,40.0
2017-11-30,,,,,0.5,648.75,0.0,40.0
2017-12-01,,,,,,643.5,0.0,320.0
2017-12-04,,,,,0.5,644.0,0.0,320.0
2017-12-05,,,,,6.0,638.0,0.0,320.0
2017-12-06,,,,,8.5,629.5,0.0,320.0
2017-12-07,,,,,10.0,619.5,0.0,320.0
2017-12-08,,,,,3.75,615.75,0.0,320.0
2017-12-11,,,,,1.5,614.25,0.0,320.0
2017-12-12,,,,,3.0,617.25,0.0,400.0
2017-12-13,,,,,4.25,613.0,100.0,400.0
2017-12-14,,,,,3.0,610.0,0.0,500.0
2017-12-15,,,,,15.25,625.25,0.0,500.0
2017-12-18,,,,,6.0,619.25,0.0,500.0
2017-12-19,,,,,1.25,618.0,0.0,500.0
2017-12-20,,,,,3.75,614.25,0.0,500.0
2017-12-21,,,,,12.75,601.5,0.0,500.0
2017-12-22,,,,,0.25,601.75,0.0,500.0
2017-12-26,,,,,11.75,613.5,0.0,500.0
2017-12-27,,,,,8.0,621.5,0.0,500.0
2017-12-28,,,,,1.0,620.5,0.0,500.0
2017-12-29,,,,,3.5,617.0,0.0,500.0
2018-01-02,,,,,10.75,627.75,0.0,500.0
2018-01-03,,,,,19.0,646.75,0.0,500.0
2018-01-04,,,,,4.25,642.5,0.0,500.0
2018-01-05,,,,,5.25,647.75,0.0,500.0
2018-01-08,,,,,7.25,655.0,0.0,500.0
2018-01-09,,,,,7.0,648.0,0.0,500.0
2018-01-10,,,,,3.5,651.5,0.0,500.0
2018-01-11,,,,,7.0,644.5,0.0,500.0
2018-01-12,,,,,3.25,641.25,0.0,500.0
2018-01-16,,,,,0.5,640.75,0.0,500.0
2018-01-17,,,,,3.25,637.5,0.0,500.0
2018-01-18,,,,,2.0,635.5,0.0,500.0
2018-01-19,,,,,1.5,634.0,0.0,500.0
2018-01-22,,,,,2.25,636.25,0.0,500.0
2018-01-23,,,,,2.0,638.25,0.0,500.0
2018-01-24,,,,,2.25,640.5,0.0,500.0
2018-01-25,,,,,1.0,639.5,0.0,500.0
2018-01-26,,,,,0.25,639.75,0.0,500.0
2018-01-29,,,,,1.0,640.75,0.0,500.0
2018-01-30,,,,,0.5,640.25,0.0,500.0
2018-01-31,,,,,,640.25,0.0,500.0
2018-02-01,,,,,,640.0,0.0,430.0
2018-02-02,,,,,5.5,634.5,0.0,430.0
2018-02-05,,,,,3.0,637.5,0.0,430.0
2018-02-06,,,,,5.0,632.5,0.0,430.0
2018-02-07,,,,,4.75,637.25,0.0,430.0
2018-02-08,,,,,2.0,635.25,0.0,430.0
2018-02-09,,,,,,635.25,0.0,430.0
2018-02-12,,,,,8.0,643.25,0.0,430.0
2018-02-13,,,,,5.75,637.5,0.0,430.0
2018-02-14,,,,,0.5,638.0,0.0,430.0
2018-02-15,,,,,5.0,643.0,0.0,430.0
2018-02-16,,,,,,643.0,0.0,430.0
2018-02-20,,,,,6.25,636.75,0.0,430.0
2018-02-21,,,,,1.5,635.25,0.0,430.0
2018-02-22,,,,,2.0,633.25,0.0,430.0
2018-02-23,,,,,10.5,643.75,0.0,430.0
2018-02-26,,,,,4.5,648.25,0.0,430.0
2018-02-27,,,,,0.75,649.0,0.0,430.0
2018-02-28,,,,,1.5,650.5,0.0,430.0
2018-03-01,,,,,1.75,648.75,0.0,430.0
2018-03-02,,,,,16.25,632.5,0.0,430.0
2018-03-05,,,,,,632.5,0.0,430.0
2018-03-06,,,,,2.75,635.25,0.0,430.0
2018-03-07,,,,,7.0,628.25,0.0,430.0
2018-03-08,,,,,7.25,621.0,0.0,430.0
2018-03-09,,,,,7.5,613.5,0.0,430.0
2018-03-12,,,,,2.0,615.5,0.0,430.0
2018-03-13,,,,,5.25,620.75,0.0,430.0
2018-03-14,,,,,5.25,626.0,0.0,430.0
2018-03-15,,,,,1.75,624.25,0.0,430.0
2018-03-16,,,,,4.0,620.25,0.0,430.0
2018-03-19,,,,,1.75,622.0,0.0,430.0
2018-03-20,,,,,1.25,623.25,0.0,430.0
2018-03-21,,,,,0.5,623.75,0.0,430.0
2018-03-22,,,,,1.0,624.75,0.0,430.0
2018-03-23,,,,,1.75,623.0,0.0,430.0
2018-03-26,,,,,0.5,623.5,0.0,430.0
2018-03-27,,,,,0.75,624.25,0.0,430.0
2018-03-28,,,,,,624.25,0.0,430.0
2018-03-29,,,,,0.5,623.75,0.0,430.0
2018-04-02,,,,,0.25,624.0,0.0,430.0
2018-04-03,,,,,5.75,629.25,0.0,480.0
2018-04-04,,,,,3.75,633.0,0.0,480.0
2018-04-05,,,,,4.25,637.25,0.0,480.0
2018-04-06,,,,,7.25,644.5,0.0,480.0
2018-04-09,,,,,10.0,634.5,0.0,480.0
2018-04-10,,,,,6.5,628.0,0.0,480.0
2018-04-11,,,,,0.25,627.75,0.0,480.0
2018-04-12,,,,,2.5,625.25,0.0,480.0
2018-04-13,,,,,6.25,619.0,0.0,480.0
2018-04-16,,,,,10.5,608.5,0.0,480.0
2018-04-17,,,,,10.0,618.5,0.0,480.0
2018-04-18,,,,,0.5,619.0,0.0,480.0
2018-04-19,,,,,1.25,617.75,0.0,480.0
2018-04-20,,,,,1.75,619.5,0.0,480.0
2018-04-23,,,,,2.5,617.0,0.0,480.0
2018-04-24,,,,,3.75,613.25,0.0,480.0
2018-04-25,,,,,1.5,611.75,0.0,480.0
2018-04-26,,,,,2.75,609.0,0.0,480.0
2018-04-27,,,,,1.5,607.5,0.0,480.0
2018-04-30,,,,,6.0,601.5,0.0,480.0
2018-05-01,,,,,,601.5,0.0,480.0
2018-05-02,,,,,0.25,601.75,0.0,480.0
2018-05-03,,,,,9.0,592.75,0.0,480.0
2018-05-04,,,,,2.25,595.0,0.0,480.0
2018-05-07,,,,,8.5,603.5,0.0,480.0
2018-05-08,,,,,1.5,602.0,0.0,480.0
2018-05-09,,,,,,602.0,0.0,480.0
2018-05-10,,,,,,602.0,0.0,480.0
2018-05-11,,,,,,602.0,0.0,480.0
2018-05-14,,,,,3.0,605.0,0.0,480.0
2018-05-15,,,,,6.0,611.0,0.0,480.0
2018-05-16,,,,,4.5,606.5,0.0,480.0
2018-05-17,,,,,2.25,608.75,0.0,480.0
2018-05-18,,,,,1.75,610.5,0.0,480.0
2018-05-21,,,,,0.5,610.0,0.0,480.0
2018-05-22,,,,,3.0,613.0,0.0,480.0
2018-05-23,,,,,0.25,612.75,0.0,480.0
2018-05-24,,,,,0.75,613.5,0.0,480.0
2018-05-25,,,,,2.0,611.5,0.0,480.0
2018-05-29,,,,,,611.5,0.0,480.0
2018-05-30,,,,,1.0,610.5,0.0,480.0
2018-05-31,,,,,,610.5,0.0,480.0
2018-06-01,,,,,2.25,612.75,0.0,560.0
2018-06-04,,,,,7.0,605.75,0.0,560.0
2018-06-05,,,,,0.75,605.0,0.0,560.0
2018-06-06,,,,,1.5,603.5,0.0,560.0
2018-06-07,,,,,1.75,601.75,0.0,560.0
2018-06-08,,,,,4.75,597.0,0.0,560.0
2018-06-11,,,,,1.5,595.5,0.0,560.0
2018-06-12,,,,,6.0,589.5,0.0,560.0
2018-06-13,,,,,1.5,588.0,0.0,560.0
2018-06-14,,,,,2.5,590.5,0.0,560.0
2018-06-15,,,,,,590.5,0.0,560.0
2018-06-18,,,,,4.0,586.5,0.0,560.0
2018-06-19,,,,,5.0,581.5,0.0,560.0
2018-06-20,,,,,0.5,581.0,0.0,560.0
2018-06-21,,,,,1.25,579.75,0.0,560.0
2018-06-22,,,,,2.5,582.25,0.0,560.0
2018-06-25,,,,,0.25,582.5,0.0,560.0
2018-06-26,,,,,0.75,581.75,0.0,560.0
2018-06-27,,,,,1.25,583.0,0.0,560.0
2018-06-28,,,,,0.5,583.5,0.0,560.0
2018-06-29,,,,,0.25,583.25,0.0,560.0
2018-07-02,,,,,2.0,576.75,0.0,640.0
2018-07-03,,,,,5.0,571.75,0.0,640.0
2018-07-05,,,,,6.25,565.5,0.0,640.0
2018-07-06,,,,,3.5,562.0,0.0,640.0
2018-07-09,,,,,1.5,563.5,0.0,640.0
2018-07-10,,,,,0.75,564.25,0.0,640.0
2018-07-11,,,,,11.0,553.25,0.0,640.0
2018-07-12,,,,,4.25,549.0,0.0,640.0
2018-07-13,,,,,5.25,543.75,0.0,640.0
2018-07-16,,,,,3.0,546.75,0.0,640.0
2018-07-17,,,,,0.25,546.5,0.0,640.0
2018-07-18,,,,,4.0,550.5,0.0,640.0
2018-07-19,,,,,2.0,548.5,0.0,640.0
2018-07-20,,,,,0.25,548.25,0.0,640.0
2018-07-23,,,,,1.5,546.75,0.0,640.0
2018-07-24,,,,,1.5,545.25,0.0,640.0
2018-07-25,,,,,0.5,545.75,0.0,640.0
2018-07-26,,,,,2.25,548.0,0.0,640.0
2018-07-27,,,,,1.0,547.0,0.0,640.0
2018-07-30,,,,,0.25,547.25,0.0,640.0
2018-07-31,,,,,,547.25,0.0,640.0
2018-08-01,,,,,4.25,544.25,0.0,600.0
2018-08-02,,,,,5.75,538.5,0.0,600.0
2018-08-03,,,,,0.25,538.25,0.0,600.0
2018-08-06,,,,,2.75,541.0,0.0,600.0
2018-08-07,,,,,4.75,545.75,0.0,600.0
2018-08-08,,,,,5.25,551.0,0.0,600.0
2018-08-09,,,,,1.75,549.25,0.0,600.0
2018-08-10,,,,,1.25,548.0,0.0,600.0
2018-08-13,,,,,6.75,541.25,0.0,600.0
2018-08-14,,,,,1.0,542.25,0.0,600.0
2018-08-15,,,,,2.75,539.5,0.0,600.0
2018-08-16,,,,,3.0,542.5,0.0,600.0
2018-08-17,,,,,1.5,544.0,0.0,600.0
2018-08-20,,,,,1.75,545.75,0.0,600.0
2018-08-21,,,,,0.75,545.0,0.0,600.0
2018-08-22,,,,,,545.0,0.0,600.0
2018-08-23,,,,,2.0,543.0,0.0,600.0
2018-08-24,,,,,,543.0,0.0,600.0
2018-08-27,,,,,0.75,542.25,0.0,600.0
2018-08-28,,,,,1.25,543.5,0.0,600.0
2018-08-29,,,,,0.5,543.0,0.0,600.0
2018-08-30,,,,,0.25,543.25,0.0,600.0
2018-08-31,,,,,,543.25,0.0,600.0
2018-09-04,,,,,9.75,555.0,0.0,960.0
2018-09-05,,,,,2.5,552.5,0.0,960.0
2018-09-06,,,,,2.75,549.75,0.0,960.0
2018-09-07,,,,,2.0,547.75,0.0,960.0
2018-09-10,,,,,,547.75,0.0,960.0
2018-09-11,,,,,,547.75,0.0,960.0
2018-09-12,,,,,5.5,542.25,0.0,960.0
2018-09-13,,,,,1.75,544.0,0.0,960.0
2018-09-14,,,,,3.0,541.0,0.0,960.0
2018-09-17,,,,,,541.0,0.0,960.0
2018-09-18,,,,,3.25,537.75,0.0,960.0
2018-09-19,,,,,4.5,533.25,0.0,960.0
2018-09-20,,,,,1.0,532.25,0.0,960.0
2018-09-21,,,,,0.25,532.5,0.0,960.0
2018-09-24,,,,,1.25,533.75,0.0,960.0
2018-09-25,,,,,1.0,534.75,0.0,960.0
2018-09-26,,,,,0.25,535.0,0.0,960.0
2018-09-27,,,,,0.75,534.25,0.0,960.0
2018-09-28,,,,,0.25,534.5,0.0,960.0
2018-10-01,,,,,0.75,535.75,0.0,720.0
2018-10-02,,,,,1.5,537.25,0.0,720.0
2018-10-03,,,,,7.0,544.25,0.0,720.0
2018-10-04,,,,,6.5,550.75,0.0,720.0
2018-10-05,,,,,,550.75,0.0,720.0
2018-10-08,,,,,10.75,540.0,0.0,720.0
2018-10-09,,,,,4.5,544.5,0.0,720.0
2018-10-10,,,,,0.75,543.75,0.0,720.0
2018-10-11,,,,,7.5,536.25,0.0,720.0
2018-10-12,,,,,5.5,541.75,0.0,720.0
2018-10-15,,,,,2.75,539.0,0.0,720.0
2018-10-16,,,,,1.25,540.25,0.0,720.0
2018-10-17,,,,,4.0,544.25,0.0,720.0
2018-10-18,,,,,5.5,538.75,0.0,720.0
2018-10-19,,,,,4.25,534.5,0.0,720.0
2018-10-22,,,,,3.5,538.0,0.0,720.0
2018-10-23,,,,,5.25,532.75,0.0,720.0
2018-10-24,,,,,4.5,528.25,0.0,720.0
2018-10-25,,,,,7.0,521.25,0.0,720.0
2018-10-26,,,,,6.75,514.5,0.0,720.0
2018-10-29,,,,,9.5,524.0,0.0,720.0
2018-10-30,,,,,5.25,518.75,0.0,720.0
2018-10-31,,,,,4.75,514.0,0.0,720.0
2018-11-01,,,,,1.75,512.25,0.0,720.0
2018-11-02,,,,,3.5,515.75,0.0,720.0
2018-11-05,,,,,6.25,509.5,0.0,720.0
2018-11-06,,,,,,509.5,0.0,720.0
2018-11-07,,,,,2.25,507.25,0.0,720.0
2018-11-08,,,,,4.75,502.5,0.0,720.0
2018-11-09,,,,,9.0,493.5,0.0,720.0
2018-11-12,,,,,1.75,491.75,0.0,720.0
2018-11-13,,,,,4.75,487.0,0.0,720.0
2018-11-14,,,,,4.75,482.25,0.0,720.0
2018-11-15,,,,,0.75,483.0,0.0,720.0
2018-11-16,,,,,0.75,482.25,0.0,720.0
2018-11-19,,,,,1.75,484.0,0.0,720.0
2018-11-20,,,,,,484.0,0.0,720.0
2018-11-21,,,,,1.25,485.25,0.0,720.0
2018-11-23,,,,,1.0,488.75,0.0,720.0
2018-11-26,,,,,4.25,484.5,0.0,720.0
2018-11-27,,,,,0.25,484.25,0.0,720.0
2018-11-28,,,,,1.75,486.0,0.0,720.0
2018-11-29,,,,,0.25,486.25,0.0,720.0
2018-11-30,,,,,0.25,486.5,0.0,720.0
2018-12-03,,,,,3.0,500.75,0.0,380.0
2018-12-04,,,,,9.0,509.75,0.0,380.0
2018-12-05,,,,,7.0,502.75,0.0,380.0
2018-12-06,,,,,0.25,502.5,0.0,380.0
2018-12-07,,,,,2.5,500.0,0.0,380.0
2018-12-10,,,,,10.0,510.0,0.0,380.0
2018-12-11,,,,,7.75,502.25,0.0,380.0
2018-12-12,,,,,5.0,507.25,0.0,380.0
2018-12-13,,,,,1.25,508.5,0.0,380.0
2018-12-14,,,,,2.75,511.25,0.0,380.0
2018-12-17,,,,,5.0,506.25,0.0,380.0
2018-12-18,,,,,9.75,516.0,100.0,380.0
2018-12-19,,,,,9.0,525.0,0.0,380.0
2018-12-20,,,,,1.75,523.25,0.0,380.0
2018-12-21,,,,,7.25,516.0,0.0,380.0
2018-12-24,,,,,7.25,508.75,0.0,380.0
2018-12-26,,,,,8.0,500.75,0.0,380.0
2018-12-27,,,,,3.25,504.0,0.0,380.0
2018-12-28,,,,,5.75,509.75,0.0,380.0
2018-12-31,,,,,3.5,513.25,0.0,380.0
2019-01-02,,,,,10.25,523.5,0.0,380.0
2019-01-03,,,,,4.25,519.25,0.0,380.0
2019-01-04,,,,,5.25,524.5,200.0,380.0
2019-01-07,,,,,0.25,524.75,0.0,380.0
2019-01-08,,,,,4.0,528.75,0.0,380.0
2019-01-09,,,,,0.25,529.0,0.0,380.0
2019-01-10,,,,,2.0,527.0,0.0,380.0
2019-01-11,,,,,1.5,528.5,0.0,380.0
2019-01-14,,,,,5.25,523.25,0.0,380.0
2019-01-15,,,,,1.25,524.5,0.0,380.0
2019-01-16,,,,,2.75,527.25,0.0,380.0
2019-01-17,,,,,2.75,530.0,0.0,380.0
2019-01-18,,,,,2.75,532.75,0.0,380.0
2019-01-22,,,,,2.75,535.5,0.0,380.0
2019-01-23,,,,,1.25,536.75,0.0,380.0
2019-01-24,,,,,1.0,537.75,0.0,380.0
2019-01-25,,,,,0.25,537.5,0.0,380.0
2019-01-28,,,,,2.25,539.75,0.0,380.0
2019-01-29,,,,,1.25,538.5,0.0,380.0
2019-01-30,,,,,0.25,538.75,0.0,380.0
2019-01-31,,,,,,538.75,0.0,380.0
2019-02-01,,,,,,568.5,0.0,900.0
2019-02-04,,,,,0.5,569.0,320.0,900.0
2019-02-05,,,,,,569.0,0.0,900.0
2019-02-06,,,,,,569.0,0.0,900.0
2019-02-07,,,,,4.75,573.75,0.0,900.0
2019-02-08,,,,,6.75,567.0,0.0,900.0
2019-02-11,,,,,5.5,561.5,0.0,900.0
2019-02-12,,,,,4.25,557.25,0.0,900.0
2019-02-13,,,,,0.75,558.0,0.0,900.0
2019-02-14,,,,,4.5,562.5,0.0,900.0
2019-02-15,,,,,6.0,556.5,0.0,900.0
2019-02-19,,,,,7.0,553.5,0.0,900.0
2019-02-20,,,,,1.5,552.0,0.0,900.0
2019-02-21,,,,,5.25,557.25,0.0,900.0
2019-02-22,,,,,4.25,553.0,0.0,900.0
2019-02-25,,,,,8.5,544.5,0.0,900.0
2019-02-26,,,,,8.25,536.25,60.0,900.0
2019-02-27,,,,,12.25,524.0,0.0,860.0
2019-02-28,,,,,2.75,521.25,0.0,860.0
2019-03-01,,,,,16.25,537.5,0.0,860.0
2019-03-04,,,,,9.5,528.0,0.0,860.0
2019-03-05,,,,,2.25,530.25,188.0,860.0
2019-03-06,,,,,2.0,528.25,0.0,672.0
2019-03-07,,,,,4.25,524.0,0.0,672.0
2019-03-08,,,,,2.5,521.5,0.0,672.0
2019-03-11,,,,,0.75,520.75,0.0,672.0
2019-03-12,,,,,0.25,521.0,0.0,672.0
2019-03-13,,,,,4.5,516.5,0.0,672.0
2019-03-14,,,,,3.5,513.0,0.0,672.0
2019-03-15,,,,,,513.0,0.0,672.0
2019-03-18,,,,,4.75,517.75,0.0,672.0
2019-03-19,,,,,3.25,521.0,0.0,672.0
2019-03-20,,,,,3.25,524.25,0.0,672.0
2019-03-21,,,,,1.25,525.5,0.0,672.0
2019-03-22,,,,,0.5,525.0,0.0,672.0
2019-03-25,,,,,1.75,523.25,0.0,672.0
2019-03-26,,,,,0.25,523.0,0.0,672.0
2019-03-27,,,,,,523.0,0.0,672.0
2019-03-28,,,,,0.5,522.5,0.0,672.0
2019-03-29,,,,,0.25,522.25,0.0,672.0
2019-04-01,,,,,2.5,527.75,0.0,340.0
2019-04-02,,,,,7.25,535.0,0.0,340.0
2019-04-03,,,,,4.5,539.5,0.0,340.0
2019-04-04,,,,,6.25,545.75,0.0,340.0
2019-04-05,,,,,1.5,547.25,0.0,340.0
2019-04-08,,,,,6.75,540.5,0.0,340.0
2019-04-09,,,,,3.0,543.5,0.0,340.0
2019-04-10,,,,,10.75,532.75,12.0,340.0
2019-04-11,,,,,4.25,528.5,0.0,352.0
2019-04-12,,,,,1.25,529.75,0.0,352.0
2019-04-15,,,,,4.5,525.25,0.0,352.0
2019-04-16,,,,,1.5,523.75,0.0,352.0
2019-04-17,,,,,8.75,532.5,0.0,352.0
2019-04-18,,,,,7.75,524.75,0.0,352.0
2019-04-22,,,,,0.25,525.0,0.0,352.0
2019-04-23,,,,,0.25,524.75,0.0,352.0
2019-04-24,,,,,0.75,525.5,94.0,352.0
2019-04-25,,,,,4.0,521.5,78.0,258.0
2019-04-26,,,,,10.25,511.25,0.0,180.0
2019-04-29,,,,,1.5,509.75,20.0,180.0
2019-04-30,,,,,2.75,507.0,0.0,160.0
2019-05-01,,,,,,507.0,0.0,160.0
2019-05-02,,,,,15.75,491.25,0.0,160.0
2019-05-03,,,,,5.75,485.5,0.0,160.0
2019-05-06,,,,,6.25,479.25,0.0,160.0
2019-05-07,,,,,11.5,490.75,0.0,160.0
2019-05-08,,,,,0.5,490.25,0.0,160.0
2019-05-09,,,,,6.0,484.25,0.0,160.0
2019-05-10,,,,,4.25,480.0,0.0,160.0
2019-05-13,,,,,,480.0,0.0,160.0
2019-05-14,,,,,4.25,484.25,0.0,160.0
2019-05-15,,,,,1.25,485.5,0.0,160.0
2019-05-16,,,,,8.5,494.0,0.0,160.0
2019-05-17,,,,,0.25,493.75,0.0,160.0
2019-05-20,,,,,,493.75,0.0,160.0
2019-05-21,,,,,4.5,489.25,0.0,160.0
2019-05-22,,,,,,489.25,0.0,160.0
2019-05-23,,,,,3.75,485.5,0.0,160.0
2019-05-24,,,,,0.25,485.25,0.0,160.0
2019-05-28,,,,,1.75,488.0,0.0,160.0
2019-05-29,,,,,1.25,489.25,0.0,160.0
2019-05-30,,,,,0.5,488.75,0.0,160.0
2019-05-31,,,,,0.25,488.5,0.0,160.0
2019-06-03,,,,,7.5,484.75,0.0,160.0
2019-06-04,,,,,7.0,491.75,0.0,160.0
2019-06-05,,,,,,491.75,0.0,160.0
2019-06-06,,,,,,491.75,0.0,160.0
2019-06-07,,,,,4.0,487.75,0.0,160.0
2019-06-10,,,,,7.0,480.75,0.0,160.0
2019-06-11,,,,,2.25,483.0,0.0,160.0
2019-06-12,,,,,6.75,476.25,0.0,160.0
2019-06-13,,,,,6.25,482.5,0.0,160.0
2019-06-14,,,,,,482.5,0.0,160.0
2019-06-17,,,,,2.75,485.25,0.0,160.0
2019-06-18,,,,,1.75,483.5,0.0,160.0
2019-06-19,,,,,2.75,486.25,0.0,160.0
2019-06-20,,,,,1.25,485.0,0.0,160.0
2019-06-21,,,,,,485.0,0.0,160.0
2019-06-24,,,,,1.25,483.75,0.0,160.0
2019-06-25,,,,,0.75,483.0,0.0,160.0
2019-06-26,,,,,1.0,482.0,0.0,160.0
2019-06-27,,,,,,482.0,0.0,160.0
2019-06-28,,,,,,482.0,0.0,160.0
2019-07-01,,,,,1.75,474.0,0.0,620.0
2019-07-02,,,,,1.25,475.25,0.0,620.0
2019-07-03,,,,,2.5,472.75,0.0,620.0
2019-07-05,,,,,2.0,474.0,0.0,620.0
2019-07-08,,,,,3.75,470.25,0.0,620.0
2019-07-09,,,,,0.5,469.75,0.0,620.0
2019-07-10,,,,,0.75,469.0,0.0,620.0
2019-07-11,,,,,2.0,471.0,0.0,620.0
2019-07-12,,,,,1.25,472.25,0.0,620.0
2019-07-15,,,,,2.25,474.5,0.0,620.0
2019-07-16,,,,,2.75,477.25,0.0,620.0
2019-07-17,,,,,0.5,477.75,0.0,620.0
2019-07-18,,,,,0.25,477.5,0.0,620.0
2019-07-19,,,,,1.0,476.5,0.0,620.0
2019-07-22,,,,,0.75,477.25,0.0,620.0
2019-07-23,,,,,1.5,478.75,0.0,620.0
2019-07-24,,,,,1.5,480.25,0.0,620.0
2019-07-25,,,,,1.5,481.75,0.0,620.0
2019-07-26,,,,,0.25,482.0,0.0,620.0
2019-07-29,,,,,1.0,481.0,0.0,620.0
2019-07-30,,,,,,481.0,0.0,620.0
2019-07-31,,,,,,481.0,0.0,620.0
2019-08-01,,,,,4.75,498.25,0.0,760.0
2019-08-02,,,,,1.5,496.75,0.0,760.0
2019-08-05,,,,,4.5,501.25,0.0,760.0
2019-08-06,,,,,,501.25,0.0,760.0
2019-08-07,,,,,,501.25,0.0,760.0
2019-08-08,,,,,6.75,508.0,0.0,760.0
2019-08-09,,,,,7.25,515.25,0.0,760.0
2019-08-12,,,,,,515.25,0.0,760.0
2019-08-13,,,,,4.5,519.75,0.0,760.0
2019-08-14,,,,,1.5,521.25,0.0,760.0
2019-08-15,,,,,6.5,514.75,0.0,760.0
2019-08-16,,,,,2.75,517.5,0.0,760.0
2019-08-19,,,,,3.25,514.25,0.0,760.0
2019-08-20,,,,,1.5,515.75,0.0,760.0
2019-08-21,,,,,3.25,519.0,0.0,760.0
2019-08-22,,,,,3.75,522.75,0.0,760.0
2019-08-23,,,,,,522.75,0.0,760.0
2019-08-26,,,,,0.25,522.5,0.0,760.0
2019-08-27,,,,,1.25,521.25,0.0,760.0
2019-08-28,,,,,0.5,521.75,0.0,760.0
2019-08-29,,,,,1.0,520.75,0.0,760.0
2019-08-30,,,,,,521.0,0.0,760.0
2019-09-03,,,,,12.75,516.25,0.0,680.0
2019-09-04,,,,,2.75,519.0,0.0,680.0
2019-09-05,,,,,1.25,520.25,0.0,680.0
2019-09-06,,,,,5.0,525.25,0.0,680.0
2019-09-09,,,,,,525.25,0.0,680.0
2019-09-10,,,,,4.5,529.75,0.0,680.0
2019-09-11,,,,,3.25,526.5,0.0,680.0
2019-09-12,,,,,2.25,524.25,0.0,680.0
2019-09-13,,,,,1.0,525.25,0.0,680.0
2019-09-16,,,,,,525.25,0.0,680.0
2019-09-17,,,,,11.5,536.75,0.0,680.0
2019-09-18,,,,,3.25,533.5,0.0,680.0
2019-09-19,,,,,2.25,531.25,0.0,680.0
2019-09-20,,,,,1.25,530.0,0.0,680.0
2019-09-23,,,,,2.25,527.75,0.0,680.0
2019-09-24,,,,,3.5,524.25,0.0,680.0
2019-09-25,,,,,,524.25,0.0,680.0
2019-09-26,,,,,0.75,525.0,0.0,680.0
2019-09-27,,,,,0.5,524.5,0.0,680.0
2019-09-30,,,,,,524.25,0.0,680.0
2019-10-01,,,,,7.25,527.0,0.0,740.0
2019-10-02,,,,,5.5,521.5,0.0,740.0
2019-10-03,,,,,1.0,522.5,0.0,740.0
2019-10-04,,,,,2.25,524.75,0.0,740.0
2019-10-07,,,,,0.75,525.5,0.0,740.0
2019-10-08,,,,,1.75,527.25,0.0,740.0
2019-10-09,,,,,4.25,531.5,0.0,740.0
2019-10-10,,,,,3.25,534.75,0.0,740.0
2019-10-11,,,,,1.75,533.0,0.0,740.0
2019-10-14,,,,,7.0,526.0,0.0,740.0
2019-10-15,,,,,1.5,527.5,40.0,740.0
2019-10-16,,,,,9.0,536.5,0.0,780.0
2019-10-17,,,,,3.5,540.0,0.0,780.0
2019-10-18,,,,,6.25,546.25,0.0,780.0
2019-10-21,,,,,,546.25,0.0,780.0
2019-10-22,,,,,7.25,553.5,0.0,780.0
2019-10-23,,,,,0.5,554.0,240.0,780.0
2019-10-24,,,,,15.0,569.0,0.0,780.0
2019-10-25,,,,,3.75,572.75,0.0,780.0
2019-10-28,,,,,,572.75,0.0,780.0
2019-10-29,,,,,5.25,578.0,0.0,780.0
2019-10-30,,,,,19.5,597.5,0.0,780.0
2019-10-31,,,,,2.25,595.25,0.0,780.0
2019-11-01,,,,,5.75,589.5,0.0,780.0
2019-11-04,,,,,18.25,607.75,40.0,780.0
2019-11-05,,,,,2.5,605.25,0.0,740.0
2019-11-06,,,,,10.25,615.5,0.0,740.0
2019-11-07,,,,,6.5,609.0,0.0,740.0
2019-11-08,,,,,8.25,617.25,0.0,740.0
2019-11-11,,,,,10.0,627.25,0.0,740.0
2019-11-12,,,,,4.0,623.25,80.0,740.0
2019-11-13,,,,,3.75,619.5,0.0,740.0
2019-11-14,,,,,2.25,621.75,0.0,740.0
2019-11-15,,,,,3.75,618.0,0.0,740.0
2019-11-18,,,,,2.75,620.75,0.0,740.0
2019-11-19,,,,,2.25,623.0,0.0,740.0
2019-11-20,,,,,5.75,628.75,0.0,740.0
2019-11-21,,,,,2.25,626.5,0.0,740.0
2019-11-22,,,,,6.0,632.5,0.0,740.0
2019-11-25,,,,,1.25,631.25,0.0,740.0
2019-11-26,,,,,2.75,628.5,0.0,740.0
2019-11-27,,,,,0.25,628.75,0.0,740.0
2019-11-29,,,,,,630.0,0.0,740.0
2019-12-02,,,,,4.25,652.5,0.0,360.0
2019-12-03,,,,,3.25,655.75,50.0,360.0
2019-12-04,,,,,4.25,660.0,40.0,330.0
2019-12-05,,,,,13.25,673.25,0.0,330.0
2019-12-06,,,,,12.75,686.0,0.0,330.0
2019-12-09,,,,,8.5,694.5,0.0,330.0
2019-12-10,,,,,,694.5,0.0,330.0
2019-12-11,,,,,6.5,688.0,0.0,330.0
2019-12-12,,,,,2.5,690.5,0.0,330.0
2019-12-13,,,,,2.25,688.25,0.0,330.0
2019-12-16,,,,,5.0,693.25,138.0,330.0
2019-12-17,,,,,2.5,695.75,54.0,280.0
2019-12-18,,,,,5.25,690.5,0.0,320.0
2019-12-19,,,,,3.75,694.25,100.0,320.0
2019-12-20,,,,,9.5,703.75,0.0,320.0
2019-12-23,,,,,1.0,702.75,0.0,320.0
2019-12-24,,,,,4.75,707.5,0.0,320.0
2019-12-26,,,,,19.5,727.0,0.0,320.0
2019-12-27,,,,,19.0,746.0,0.0,320.0
2019-12-30,,,,,17.0,763.0,0.0,320.0
2019-12-31,,,,,15.0,748.0,0.0,320.0
2020-01-02,,,,,18.0,766.0,140.0,320.0
2020-01-03,,,,,5.5,760.5,0.0,208.0
2020-01-06,,,,,17.5,743.0,0.0,208.0
2020-01-07,,,,,1.25,744.25,46.0,208.0
2020-01-08,,,,,2.0,742.25,0.0,208.0
2020-01-09,,,,,15.5,757.75,0.0,208.0
2020-01-10,,,,,5.25,763.0,0.0,208.0
2020-01-13,,,,,4.75,758.25,0.0,208.0
2020-01-14,,,,,12.5,745.75,0.0,208.0
2020-01-15,,,,,10.5,735.25,0.0,208.0
2020-01-16,,,,,6.5,728.75,0.0,208.0
2020-01-17,,,,,5.5,723.25,0.0,208.0
2020-01-21,,,,,2.25,728.5,0.0,208.0
2020-01-22,,,,,6.75,735.25,0.0,208.0
2020-01-23,,,,,3.0,732.25,0.0,208.0
2020-01-24,,,,,3.75,728.5,0.0,208.0
2020-01-27,,,,,,728.5,0.0,208.0
2020-01-28,,,,,14.0,714.5,0.0,208.0
2020-01-29,,,,,5.5,720.0,0.0,208.0
2020-01-30,,,,,2.0,718.0,0.0,208.0
2020-01-31,,,,,,717.5,0.0,208.0
2020-02-03,,,,,1.5,625.75,0.0,677.0
2020-02-04,,,,,14.5,640.25,0.0,677.0
2020-02-05,,,,,32.25,672.5,0.0,677.0
2020-02-06,,,,,10.75,683.25,0.0,677.0
2020-02-07,,,,,14.75,668.5,0.0,677.0
2020-02-10,,,,,13.25,655.25,0.0,677.0
2020-02-11,,,,,12.5,642.75,0.0,677.0
2020-02-12,,,,,6.25,649.0,0.0,677.0
2020-02-13,,,,,21.0,628.0,0.0,677.0
2020-02-14,,,,,4.75,632.75,0.0,677.0
2020-02-18,,,,,4.75,633.5,0.0,677.0
2020-02-19,,,,,21.75,611.75,0.0,677.0
2020-02-20,,,,,7.0,618.75,0.0,677.0
2020-02-21,,,,,5.25,624.0,0.0,677.0
