Date,Open,High,Low,Close,Volume
2014-08-18,2105.0,2112.0,2096.0,2099.0,1.04
2014-08-19,2107.0,2107.0,2074.0,2074.0,0.86
2014-08-20,2078.0,2078.0,2051.0,2054.0,0.56
2014-08-21,2070.0,2070.0,2044.0,2055.0,0.92
2014-08-22,2063.0,2063.0,2020.0,2021.0,1.24
2014-08-25,2028.0,2050.0,1979.0,2049.0,1.97
2014-08-26,2057.0,2057.0,1999.0,2035.0,1.22
2014-08-27,2045.0,2057.0,1995.0,1996.0,0.72
2014-08-28,1981.0,2000.0,1978.0,1984.0,0.65
2014-08-29,1977.0,1979.0,1922.0,1937.0,0.4
2014-09-02,1930.0,1964.0,1930.0,1964.0,0.12
2014-09-03,1970.0,1990.0,1962.0,1984.0,0.57
2014-09-04,1982.0,2027.0,1980.0,2035.0,0.31
2014-09-05,2050.0,2050.0,2036.0,2041.0,0.02
2014-09-08,2070.0,2076.0,2050.0,2054.0,0.05
2014-09-09,2050.0,2050.0,2028.0,2050.0,0.1
2014-09-10,2023.0,2040.0,2023.0,2049.0,0.01
2014-09-11,2060.0,2075.0,2060.0,2090.0,0.04
2014-09-12,2111.0,2125.0,2111.0,2125.0,0.02
2014-09-15,2150.0,2170.0,2150.0,2160.0,0.03
2014-09-17,2120.0,2160.0,2110.0,2156.0,1.03
2014-09-18,2171.0,2189.0,2160.0,2170.0,1.16
2014-09-19,2154.0,2157.0,2130.0,2136.0,1.54
2014-09-22,2119.0,2123.0,2093.0,2123.0,0.92
2014-09-23,2125.0,2155.0,2125.0,2152.0,0.77
2014-09-24,2156.0,2180.0,2149.0,2178.0,0.6
2014-09-25,2180.0,2211.0,2180.0,2205.0,0.98
2014-09-26,2200.0,2205.0,2189.0,2189.0,0.33
2014-09-29,2182.0,2206.0,2178.0,2202.0,0.19
2014-09-30,2223.0,2237.0,2223.0,2232.0,0.12
2014-10-01,2257.0,2257.0,2210.0,2210.0,0.04
2014-10-02,2213.0,2224.0,2095.0,2165.0,0.05
2014-10-03,2165.0,2195.0,2150.0,2187.0,0.11
2014-10-07,2210.0,2211.0,2206.0,2202.0,0.05
2014-10-08,2225.0,2225.0,2220.0,2220.0,0.04
2014-10-09,2208.0,2249.0,2208.0,2220.0,0.09
2014-10-10,2209.0,2209.0,2209.0,2209.0,0.0
2014-10-13,2187.0,2187.0,2187.0,2187.0,0.0
2014-10-14,2193.0,2193.0,2193.0,2193.0,0.0
2014-10-15,2178.0,2178.0,2178.0,2178.0,0.0
2014-10-16,2130.0,2150.0,2120.0,2135.0,1.29
2014-10-17,2151.0,2167.0,2148.0,2165.0,0.43
2014-10-20,2143.0,2151.0,2140.0,2147.0,0.22
2014-10-21,2152.0,2160.0,2149.0,2159.0,0.39
2014-10-23,2169.0,2198.0,2166.0,2185.0,0.87
2014-10-24,2203.0,2211.0,2192.0,2199.0,0.55
2014-10-27,2196.0,2196.0,2182.0,2188.0,1.07
2014-10-28,2190.0,2225.0,2189.0,2222.0,1.12
2014-10-29,2240.0,2260.0,2229.0,2260.0,0.56
2014-10-30,2290.0,2290.0,2268.0,2275.0,0.16
2014-10-31,2270.0,2295.0,2251.0,2295.0,0.15
2014-11-03,2300.0,2315.0,2300.0,2315.0,0.03
2014-11-04,2305.0,2305.0,2283.0,2285.0,0.12
2014-11-05,2265.0,2265.0,2230.0,2228.0,0.12
2014-11-06,2220.0,2220.0,2219.0,2219.0,0.03
2014-11-07,2210.0,2215.0,2190.0,2192.0,0.21
2014-11-10,2200.0,2205.0,2185.0,2205.0,0.15
2014-11-11,2220.0,2225.0,2191.0,2234.0,0.06
2014-11-12,2260.0,2260.0,2219.0,2214.0,0.02
2014-11-13,2191.0,2191.0,2191.0,2191.0,0.0
2014-11-14,2191.0,2191.0,2191.0,2191.0,0.0
2014-11-17,2195.0,2212.0,2195.0,2208.0,0.44
2014-11-18,2210.0,2231.0,2210.0,2230.0,0.28
2014-11-19,2239.0,2246.0,2231.0,2234.0,0.2
2014-11-20,2228.0,2228.0,2206.0,2213.0,0.06
2014-11-21,2230.0,2231.0,2208.0,2215.0,0.32
2014-11-24,2224.0,2230.0,2192.0,2195.0,0.19
2014-11-25,2205.0,2205.0,2180.0,2201.0,0.28
2014-11-26,2206.0,2216.0,2200.0,2205.0,0.3
2014-11-27,2212.0,2212.0,2162.0,2165.0,0.52
2014-11-28,2125.0,2148.0,2118.0,2147.0,0.41
2014-12-01,2125.0,2125.0,2088.0,2100.0,0.13
2014-12-02,2133.0,2133.0,2106.0,2129.0,0.06
2014-12-03,2116.0,2160.0,2110.0,2160.0,0.23
2014-12-04,2185.0,2185.0,2150.0,2147.0,0.11
2014-12-05,2150.0,2150.0,2120.0,2135.0,0.1
2014-12-08,2150.0,2150.0,2148.0,2148.0,0.3
2014-12-09,2138.0,2138.0,2120.0,2107.0,0.3
2014-12-10,2125.0,2145.0,2125.0,2140.0,0.07
2014-12-11,2145.0,2175.0,2145.0,2175.0,0.0
2014-12-12,2190.0,2190.0,2145.0,2154.0,0.28
2014-12-15,2154.0,2154.0,2154.0,2154.0,0.0
2014-12-16,2130.0,2133.0,2104.0,2113.0,0.74
2014-12-17,2107.0,2125.0,2098.0,2123.0,0.27
2014-12-18,2136.0,2155.0,2131.0,2146.0,0.62
2014-12-19,2134.0,2160.0,2124.0,2160.0,0.22
2014-12-22,2162.0,2173.0,2160.0,2171.0,0.37
2014-12-23,2179.0,2212.0,2179.0,2209.0,0.83
2014-12-24,2214.0,2235.0,2210.0,2217.0,0.72
2014-12-26,2205.0,2250.0,2202.0,2250.0,0.29
2014-12-29,2293.0,2310.0,2293.0,2298.0,0.19
2014-12-30,2298.0,2305.0,2295.0,2300.0,0.45
2014-12-31,2305.0,2307.0,2295.0,2291.0,0.25
2015-01-02,2265.0,2325.0,2265.0,2315.0,1.6
2015-01-05,2303.0,2320.0,2293.0,2298.0,0.27
2015-01-06,2320.0,2333.0,2305.0,2309.0,0.59
2015-01-07,2320.0,2348.0,2317.0,2349.0,0.55
2015-01-08,2370.0,2380.0,2370.0,2384.0,0.17
2015-01-09,2359.0,2359.0,2359.0,2359.0,0.0
2015-01-12,2360.0,2400.0,2300.0,2375.0,0.02
2015-01-13,2350.0,2380.0,2349.0,2375.0,0.03
2015-01-14,2361.0,2361.0,2361.0,2361.0,0.0
2015-01-15,2373.0,2373.0,2373.0,2373.0,0.0
2015-01-16,2385.0,2390.0,2335.0,2348.0,0.34
2015-01-19,2360.0,2361.0,2333.0,2342.0,0.29
2015-01-20,2345.0,2358.0,2335.0,2337.0,0.53
2015-01-21,2345.0,2350.0,2290.0,2291.0,0.19
2015-01-22,2280.0,2290.0,2272.0,2272.0,0.19
2015-01-23,2255.0,2270.0,2251.0,2264.0,0.17
2015-01-26,2254.0,2254.0,2200.0,2200.0,0.57
2015-01-27,2182.0,2192.0,2173.0,2188.0,0.53
2015-01-28,2181.0,2221.0,2180.0,2221.0,0.27
2015-01-29,2165.0,2180.0,2152.0,2147.0,0.25
2015-01-30,2117.0,2144.0,2117.0,2154.0,0.25
2015-02-04,2178.0,2184.0,2159.0,2193.0,0.38
2015-02-05,2220.0,2260.0,2220.0,2300.0,0.07
2015-02-06,2320.0,2320.0,2305.0,2330.0,0.37
2015-02-09,2313.0,2314.0,2305.0,2294.0,0.29
2015-02-10,2300.0,2305.0,2300.0,2278.0,0.02
2015-02-11,2290.0,2290.0,2262.0,2255.0,0.05
2015-02-12,2249.0,2275.0,2249.0,2265.0,0.04
2015-02-13,2265.0,2265.0,2265.0,2265.0,0.0
2015-02-16,2301.0,2313.0,2297.0,2305.0,1.39
2015-02-17,2300.0,2302.0,2284.0,2286.0,0.41
2015-02-18,2288.0,2304.0,2288.0,2302.0,0.25
2015-02-23,2255.0,2255.0,2237.0,2247.0,0.37
2015-02-24,2235.0,2275.0,2230.0,2273.0,0.97
2015-02-25,2289.0,2289.0,2256.0,2258.0,0.46
2015-02-26,2266.0,2295.0,2266.0,2292.0,0.92
2015-02-27,2282.0,2330.0,2282.0,2321.0,1.35
2015-03-02,2355.0,2381.0,2355.0,2381.0,0.22
2015-03-03,2355.0,2395.0,2349.0,2389.0,0.05
2015-03-04,2400.0,2410.0,2400.0,2378.0,0.05
2015-03-05,2360.0,2387.0,2360.0,2350.0,0.14
2015-03-06,2335.0,2335.0,2260.0,2312.0,0.47
2015-03-09,2274.0,2348.0,2274.0,2280.0,0.01
2015-03-10,2300.0,2300.0,2230.0,2240.0,0.12
2015-03-11,2249.0,2277.0,2249.0,2286.0,0.01
2015-03-12,2248.0,2248.0,2248.0,2248.0,0.0
2015-03-13,2270.0,2250.0,2270.0,2270.0,0.0
2015-03-16,2227.0,2231.0,2181.0,2209.0,1.59
2015-03-17,2209.0,2219.0,2148.0,2149.0,0.43
2015-03-18,2151.0,2197.0,2143.0,2195.0,1.07
2015-03-19,2211.0,2212.0,2180.0,2210.0,0.42
2015-03-20,2200.0,2207.0,2165.0,2168.0,0.28
2015-03-23,2198.0,2210.0,2173.0,2188.0,0.28
2015-03-24,2195.0,2195.0,2150.0,2165.0,0.39
2015-03-25,2175.0,2175.0,2159.0,2160.0,0.23
2015-03-26,2170.0,2189.0,2164.0,2174.0,0.32
2015-03-27,2184.0,2184.0,2160.0,2151.0,0.05
2015-03-30,2155.0,2158.0,2078.0,2156.0,0.34
2015-03-31,2132.0,2169.0,2132.0,2136.0,0.26
2015-04-01,2142.0,2142.0,2142.0,2142.0,0.0
2015-04-02,2154.0,2153.0,2154.0,2154.0,0.0
2015-04-03,2210.0,2210.0,2195.0,2178.0,0.04
2015-04-06,2215.0,2240.0,2214.0,2223.0,0.06
2015-04-07,2194.0,2194.0,2194.0,2194.0,0.0
2015-04-08,2160.0,2160.0,2160.0,2153.0,0.03
2015-04-09,2108.0,2108.0,2150.0,2108.0,0.0
2015-04-10,2150.0,2150.0,2150.0,2120.0,0.0
2015-04-13,2124.0,2124.0,2124.0,2124.0,0.0
2015-04-14,2148.0,2148.0,2148.0,2148.0,0.0
2015-04-15,2150.0,2150.0,2150.0,2150.0,0.0
2015-04-16,2192.0,2195.0,2167.0,2173.0,0.48
2015-04-17,2160.0,2191.0,2158.0,2184.0,0.72
2015-04-20,2201.0,2205.0,2185.0,2190.0,0.4
2015-04-21,2200.0,2225.0,2198.0,2203.0,0.69
2015-04-22,2208.0,2208.0,2166.0,2179.0,1.26
2015-04-23,2170.0,2176.0,2161.0,2174.0,0.68
2015-04-24,2184.0,2184.0,2157.0,2166.0,0.8
2015-04-27,2166.0,2166.0,2120.0,2121.0,0.42
2015-04-28,2089.0,2120.0,2089.0,2098.0,0.28
2015-04-29,2095.0,2095.0,2055.0,2078.0,0.3
2015-04-30,2062.0,2080.0,2058.0,2070.0,0.07
2015-05-05,2135.0,2136.0,2120.0,2136.0,0.09
2015-05-06,2130.0,2170.0,2130.0,2166.0,0.13
2015-05-07,2153.0,2163.0,2152.0,2156.0,0.09
2015-05-08,2134.0,2140.0,2130.0,2146.0,0.04
2015-05-11,2178.0,2161.0,2178.0,2178.0,0.01
2015-05-12,2206.0,2201.0,2206.0,2206.0,0.0
2015-05-13,2220.0,2220.0,2220.0,2190.0,0.0
2015-05-14,2199.0,2199.0,2199.0,2199.0,0.01
2015-05-15,2199.0,2199.0,2199.0,2199.0,0.0
2015-05-18,2180.0,2195.0,2177.0,2189.0,1.67
2015-05-19,2175.0,2180.0,2165.0,2166.0,1.57
2015-05-20,2140.0,2155.0,2140.0,2150.0,0.48
2015-05-21,2146.0,2157.0,2137.0,2154.0,0.87
2015-05-22,2147.0,2147.0,2125.0,2132.0,0.4
2015-05-25,2129.0,2142.0,2126.0,2137.0,0.28
2015-05-26,2160.0,2168.0,2160.0,2167.0,0.05
2015-05-27,2180.0,2180.0,2141.0,2145.0,0.42
2015-05-28,2155.0,2175.0,2153.0,2170.0,0.25
2015-05-29,2179.0,2180.0,2160.0,2170.0,0.06
2015-06-01,2200.0,2271.0,2200.0,2270.0,0.49
2015-06-02,2299.0,2310.0,2299.0,2291.0,0.04
2015-06-03,2267.0,2267.0,2267.0,2267.0,0.0
2015-06-04,2293.0,2288.0,2293.0,2293.0,0.0
2015-06-05,2320.0,2310.0,2320.0,2320.0,0.0
2015-06-08,2320.0,2320.0,2320.0,2320.0,0.0
2015-06-09,2300.0,2323.0,2300.0,2305.0,0.01
2015-06-10,2291.0,2291.0,2280.0,2279.0,0.01
2015-06-11,2275.0,2284.0,2275.0,2275.0,0.0
2015-06-12,2260.0,2260.0,2260.0,2254.0,0.0
2015-06-15,2254.0,2254.0,2254.0,2254.0,0.0
2015-06-16,2262.0,2290.0,2249.0,2289.0,0.97
2015-06-17,2286.0,2297.0,2277.0,2288.0,0.28
2015-06-18,2265.0,2265.0,2228.0,2230.0,0.49
2015-06-19,2240.0,2250.0,2222.0,2232.0,0.63
2015-06-22,2242.0,2242.0,2204.0,2205.0,0.54
2015-06-23,2220.0,2220.0,2205.0,2210.0,0.75
2015-06-24,2227.0,2263.0,2215.0,2258.0,0.69
2015-06-25,2262.0,2265.0,2258.0,2259.0,0.03
2015-06-26,2269.0,2279.0,2254.0,2278.0,0.22
2015-06-29,2288.0,2291.0,2270.0,2278.0,0.09
2015-06-30,2249.0,2249.0,2220.0,2224.0,0.08
2015-07-01,2262.0,2227.0,2262.0,2262.0,0.0
2015-07-02,2260.0,2260.0,2260.0,2259.0,0.06
2015-07-03,2263.0,2263.0,2263.0,2263.0,0.05
2015-07-06,2234.0,2234.0,2234.0,2228.0,0.1
2015-07-07,2230.0,2230.0,2181.0,2200.0,0.26
2015-07-08,2144.0,2144.0,2149.0,2144.0,0.0
2015-07-09,2187.0,2187.0,2187.0,2182.0,0.0
2015-07-10,2190.0,2190.0,2190.0,2190.0,0.0
2015-07-13,2179.0,2179.0,2179.0,2192.0,0.0
2015-07-14,2198.0,2198.0,2198.0,2198.0,0.0
2015-07-15,2198.0,2198.0,2198.0,2198.0,0.0
2015-07-16,2190.0,2196.0,2188.0,2189.0,0.21
2015-07-20,2173.0,2187.0,2167.0,2187.0,0.96
2015-07-21,2197.0,2220.0,2186.0,2217.0,0.49
2015-07-22,2206.0,2212.0,2195.0,2205.0,0.24
2015-07-23,2186.0,2194.0,2186.0,2190.0,0.03
2015-07-24,2174.0,2183.0,2174.0,2180.0,0.06
2015-07-27,2152.0,2160.0,2145.0,2145.0,0.34
2015-07-28,2151.0,2155.0,2125.0,2138.0,0.47
2015-07-29,2146.0,2146.0,2107.0,2119.0,0.43
2015-07-30,2109.0,2124.0,2096.0,2124.0,0.04
2015-07-31,2110.0,2125.0,2110.0,2120.0,0.02
2015-08-03,2094.0,2095.0,2056.0,2056.0,0.4
2015-08-04,2040.0,2057.0,2039.0,2055.0,0.13
2015-08-05,2057.0,2070.0,2030.0,2033.0,0.01
2015-08-06,2011.0,2028.0,2010.0,2035.0,0.14
2015-08-07,2033.0,2033.0,2001.0,2031.0,0.0
2015-08-10,2050.0,2055.0,2013.0,2010.0,0.14
2015-08-11,2000.0,2000.0,2000.0,2017.0,0.01
2015-08-12,1970.0,1970.0,1970.0,1970.0,0.0
2015-08-13,1986.0,1986.0,1986.0,1986.0,0.0
2015-08-14,1986.0,1986.0,1986.0,1986.0,0.0
2015-08-17,2003.0,2004.0,1986.0,1999.0,0.5
2015-08-18,1995.0,2005.0,1986.0,1998.0,0.69
2015-08-19,1969.0,1973.0,1960.0,1971.0,0.48
2015-08-20,1935.0,1950.0,1919.0,1936.0,0.52
2015-08-21,1937.0,1940.0,1901.0,1913.0,0.84
2015-08-24,1892.0,1901.0,1831.0,1844.0,0.29
2015-08-25,1850.0,1870.0,1811.0,1829.0,0.28
2015-08-26,1831.0,1839.0,1800.0,1800.0,0.19
2015-08-27,1808.0,1869.0,1808.0,1868.0,0.26
2015-08-28,1876.0,1928.0,1875.0,1928.0,0.02
2015-09-01,1915.0,1915.0,1915.0,1945.0,0.01
2015-09-02,1917.0,1927.0,1917.0,1923.0,0.06
2015-09-03,1933.0,1951.0,1931.0,1959.0,0.03
2015-09-04,1950.0,1960.0,1933.0,1955.0,0.14
2015-09-07,1955.0,1955.0,1955.0,1955.0,0.0
2015-09-08,1960.0,1991.0,1960.0,1994.0,0.31
2015-09-09,2005.0,2015.0,2005.0,2012.0,0.11
2015-09-10,2027.0,2050.0,2025.0,2056.0,0.02
2015-09-11,2000.0,2000.0,2000.0,2032.0,0.0
2015-09-14,2081.0,2081.0,2081.0,2081.0,0.0
2015-09-15,2050.0,2050.0,2050.0,2050.0,0.03
2015-09-17,2095.0,2095.0,2050.0,2054.0,0.39
2015-09-18,2045.0,2063.0,2018.0,2034.0,0.32
2015-09-21,2065.0,2090.0,2059.0,2086.0,0.13
2015-09-22,2094.0,2120.0,2093.0,2116.0,0.24
2015-09-23,2125.0,2170.0,2120.0,2157.0,0.31
2015-09-25,2200.0,2259.0,2200.0,2259.0,0.19
2015-09-28,2257.0,2325.0,2255.0,2323.0,0.18
2015-09-29,2323.0,2395.0,2323.0,2395.0,0.29
2015-09-30,2373.0,2373.0,2330.0,2306.0,0.11
2015-10-01,2280.0,2310.0,2280.0,2344.0,0.09
2015-10-02,2358.0,2370.0,2357.0,2319.0,0.04
2015-10-05,2360.0,2394.0,2354.0,2365.0,0.14
2015-10-06,2385.0,2386.0,2385.0,2320.0,0.04
2015-10-07,2257.0,2280.0,2251.0,2271.0,0.06
2015-10-08,2224.0,2228.0,2212.0,2223.0,0.16
2015-10-09,2176.0,2176.0,2176.0,2168.0,0.01
2015-10-12,2210.0,2210.0,2210.0,2209.0,0.0
2015-10-13,2269.0,2269.0,2269.0,2269.0,0.0
2015-10-15,2269.0,2269.0,2269.0,2269.0,0.0
2015-10-16,2245.0,2267.0,2232.0,2235.0,0.48
2015-10-19,2248.0,2250.0,2206.0,2210.0,0.94
2015-10-20,2217.0,2265.0,2217.0,2262.0,0.36
2015-10-21,2295.0,2297.0,2283.0,2294.0,0.27
2015-10-22,2295.0,2303.0,2274.0,2296.0,0.19
2015-10-23,2260.0,2266.0,2239.0,2251.0,0.52
2015-10-26,2236.0,2237.0,2201.0,2208.0,0.28
2015-10-27,2199.0,2247.0,2195.0,2243.0,0.36
2015-10-28,2237.0,2252.0,2230.0,2251.0,0.4
2015-10-29,2269.0,2269.0,2220.0,2253.0,0.49
2015-10-30,2248.0,2250.0,2202.0,2238.0,0.2
2015-11-02,2241.0,2241.0,2230.0,2230.0,0.06
2015-11-03,2210.0,2210.0,2210.0,2208.0,0.05
2015-11-04,2221.0,2240.0,2218.0,2245.0,0.09
2015-11-05,2259.0,2259.0,2259.0,2224.0,0.01
2015-11-06,2225.0,2225.0,2220.0,2188.0,0.0
2015-11-09,2218.0,2227.0,2218.0,2235.0,0.01
2015-11-11,2225.0,2227.0,2225.0,2181.0,0.0
2015-11-12,2203.0,2208.0,2203.0,2180.0,0.01
2015-11-13,2100.0,2100.0,2100.0,2100.0,0.0
2015-11-16,2167.0,2180.0,2121.0,2132.0,0.99
2015-11-17,2129.0,2151.0,2114.0,2132.0,0.99
2015-11-18,2115.0,2170.0,2113.0,2168.0,1.11
2015-11-19,2140.0,2145.0,2125.0,2140.0,1.02
2015-11-20,2130.0,2164.0,2125.0,2159.0,1.88
2015-11-23,2145.0,2158.0,2139.0,2143.0,0.27
2015-11-24,2136.0,2155.0,2125.0,2128.0,0.87
2015-11-25,2114.0,2119.0,2086.0,2093.0,0.57
2015-11-26,2110.0,2136.0,2105.0,2135.0,0.37
2015-11-27,2105.0,2160.0,2105.0,2159.0,0.15
2015-11-30,2153.0,2160.0,2135.0,2140.0,0.25
2015-12-01,2145.0,2145.0,2145.0,2145.0,0.01
2015-12-02,2140.0,2140.0,2140.0,2140.0,0.0
2015-12-03,2180.0,2191.0,2180.0,2186.0,0.06
2015-12-04,2195.0,2196.0,2190.0,2189.0,0.02
2015-12-07,2217.0,2217.0,2206.0,2254.0,0.1
2015-12-08,2200.0,2200.0,2190.0,2200.0,0.01
2015-12-09,2180.0,2180.0,2180.0,2180.0,0.01
2015-12-10,2154.0,2155.0,2154.0,2160.0,0.03
2015-12-11,2250.0,2250.0,2250.0,2222.0,0.01
2015-12-14,2220.0,2220.0,2220.0,2186.0,0.01
2015-12-15,2186.0,2186.0,2186.0,2186.0,0.0
2015-12-16,2231.0,2256.0,2200.0,2224.0,0.6
2015-12-17,2194.0,2216.0,2190.0,2214.0,0.2
2015-12-18,2200.0,2244.0,2196.0,2236.0,0.24
2015-12-21,2250.0,2280.0,2250.0,2272.0,0.17
2015-12-22,2274.0,2290.0,2270.0,2290.0,0.7
2015-12-23,2280.0,2295.0,2280.0,2294.0,0.22
2015-12-28,2279.0,2300.0,2243.0,2248.0,0.26
2015-12-29,2258.0,2293.0,2240.0,2288.0,0.34
2015-12-30,2300.0,2300.0,2275.0,2292.0,0.13
2015-12-31,2310.0,2400.0,2285.0,2398.0,0.59
2016-01-04,2310.0,2310.0,2248.0,2290.0,0.09
2016-01-05,2280.0,2280.0,2273.0,2275.0,0.24
2016-01-06,2255.0,2284.0,2248.0,2268.0,0.06
2016-01-07,2256.0,2256.0,2241.0,2253.0,0.07
2016-01-08,2249.0,2265.0,2248.0,2263.0,0.05
2016-01-11,2274.0,2274.0,2274.0,2239.0,0.02
2016-01-12,2233.0,2233.0,2233.0,2224.0,0.02
2016-01-13,2229.0,2229.0,2227.0,2260.0,0.01
2016-01-14,2262.0,2262.0,2262.0,2262.0,0.0
2016-01-15,2175.0,2200.0,2175.0,2200.0,0.32
2016-01-18,2349.0,2370.0,2349.0,2351.0,0.41
2016-01-19,2354.0,2375.0,2350.0,2372.0,1.08
2016-01-20,2344.0,2368.0,2344.0,2358.0,1.45
2016-01-21,2357.0,2357.0,2323.0,2349.0,0.55
2016-01-22,2365.0,2384.0,2358.0,2382.0,0.65
2016-01-26,2398.0,2398.0,2380.0,2387.0,0.24
2016-01-27,2380.0,2414.0,2380.0,2412.0,0.53
2016-01-28,2418.0,2420.0,2382.0,2387.0,0.35
2016-01-29,2362.0,2362.0,2344.0,2349.0,0.39
2016-02-02,2347.0,2421.0,2347.0,2432.0,0.42
2016-02-03,2438.0,2459.0,2438.0,2454.0,0.43
2016-02-04,2465.0,2485.0,2449.0,2453.0,0.37
2016-02-05,2490.0,2520.0,2478.0,2497.0,0.4
2016-02-10,2514.0,2515.0,2496.0,2487.0,0.27
2016-02-11,2490.0,2490.0,2490.0,2490.0,0.0
2016-02-12,2525.0,2525.0,2467.0,2548.0,0.05
2016-02-15,2510.0,2510.0,2510.0,2510.0,0.0
2016-02-16,2560.0,2566.0,2518.0,2526.0,1.3
2016-02-17,2528.0,2546.0,2512.0,2545.0,1.35
2016-02-18,2561.0,2561.0,2502.0,2522.0,0.47
2016-02-19,2534.0,2555.0,2521.0,2522.0,1.24
2016-02-22,2530.0,2541.0,2495.0,2502.0,1.21
2016-02-23,2485.0,2501.0,2478.0,2483.0,0.79
2016-02-24,2470.0,2485.0,2455.0,2461.0,1.27
2016-02-25,2472.0,2488.0,2467.0,2471.0,0.49
2016-02-26,2465.0,2476.0,2431.0,2462.0,0.95
2016-02-29,2473.0,2488.0,2471.0,2479.0,0.55
2016-03-01,2463.0,2490.0,2459.0,2474.0,0.22
2016-03-02,2465.0,2473.0,2448.0,2448.0,0.09
2016-03-03,2435.0,2450.0,2431.0,2453.0,0.17
2016-03-04,2470.0,2481.0,2463.0,2464.0,0.15
2016-03-07,2482.0,2495.0,2481.0,2495.0,0.01
2016-03-08,2498.0,2498.0,2498.0,2491.0,0.01
2016-03-09,2508.0,2508.0,2508.0,2518.0,0.02
2016-03-10,2505.0,2507.0,2485.0,2489.0,0.06
2016-03-11,2510.0,2549.0,2505.0,2549.0,0.09
2016-03-14,2560.0,2562.0,2525.0,2529.0,0.1
2016-03-15,2540.0,2540.0,2540.0,2540.0,0.0
2016-03-16,2580.0,2591.0,2566.0,2590.0,0.46
2016-03-17,2580.0,2621.0,2580.0,2615.0,2.19
2016-03-18,2620.0,2645.0,2614.0,2633.0,0.89
2016-03-21,2640.0,2655.0,2628.0,2634.0,1.0
2016-03-22,2650.0,2662.0,2645.0,2652.0,0.77
2016-03-23,2639.0,2649.0,2621.0,2639.0,0.61
2016-03-24,2639.0,2639.0,2600.0,2616.0,0.58
2016-03-25,2632.0,2674.0,2632.0,2660.0,0.47
2016-03-28,2685.0,2705.0,2684.0,2705.0,0.25
2016-03-29,2692.0,2740.0,2692.0,2731.0,0.31
2016-03-30,2705.0,2710.0,2698.0,2702.0,0.24
2016-03-31,2689.0,2739.0,2685.0,2690.0,0.23
2016-04-01,2720.0,2730.0,2708.0,2717.0,0.04
2016-04-04,2703.0,2739.0,2698.0,2739.0,0.15
2016-04-05,2742.0,2742.0,2730.0,2717.0,0.06
2016-04-06,2685.0,2695.0,2680.0,2681.0,0.3
2016-04-07,2701.0,2703.0,2679.0,2679.0,0.12
2016-04-08,2676.0,2679.0,2658.0,2647.0,0.28
2016-04-11,2655.0,2655.0,2626.0,2633.0,0.11
2016-04-12,2612.0,2620.0,2610.0,2610.0,0.08
2016-04-13,2637.0,2637.0,2625.0,2628.0,0.01
2016-04-14,2626.0,2626.0,2625.0,2626.0,0.06
2016-04-15,2640.0,2640.0,2640.0,2638.0,0.01
2016-04-18,2631.0,2659.0,2631.0,2656.0,0.38
2016-04-19,2679.0,2679.0,2666.0,2672.0,0.42
2016-04-20,2699.0,2714.0,2691.0,2692.0,0.25
2016-04-21,2716.0,2717.0,2708.0,2712.0,0.18
2016-04-22,2698.0,2704.0,2670.0,2677.0,0.28
2016-04-25,2671.0,2671.0,2634.0,2635.0,0.43
2016-04-26,2653.0,2656.0,2632.0,2654.0,0.5
2016-04-27,2646.0,2650.0,2614.0,2615.0,0.62
2016-04-28,2559.0,2586.0,2559.0,2584.0,0.71
2016-04-29,2560.0,2574.0,2545.0,2572.0,1.07
2016-05-03,2550.0,2553.0,2519.0,2520.0,0.16
2016-05-04,2527.0,2589.0,2527.0,2600.0,0.19
2016-05-05,2624.0,2630.0,2600.0,2615.0,0.06
2016-05-06,2587.0,2641.0,2569.0,2640.0,0.37
2016-05-09,2667.0,2675.0,2665.0,2675.0,0.06
2016-05-10,2678.0,2690.0,2660.0,2670.0,0.15
2016-05-11,2750.0,2750.0,2696.0,2690.0,0.03
2016-05-12,2675.0,2675.0,2675.0,2675.0,0.0
2016-05-13,2650.0,2650.0,2635.0,2635.0,0.03
2016-05-16,2633.0,2635.0,2599.0,2626.0,0.61
2016-05-17,2648.0,2655.0,2629.0,2632.0,0.32
2016-05-18,2642.0,2646.0,2577.0,2591.0,0.29
2016-05-19,2600.0,2600.0,2548.0,2552.0,0.37
2016-05-20,2550.0,2569.0,2544.0,2557.0,0.26
2016-05-23,2537.0,2537.0,2507.0,2519.0,0.57
2016-05-24,2544.0,2554.0,2539.0,2540.0,0.12
2016-05-25,2530.0,2578.0,2516.0,2574.0,0.6
2016-05-26,2584.0,2620.0,2580.0,2618.0,0.2
2016-05-27,2615.0,2621.0,2580.0,2587.0,0.84
2016-05-30,2605.0,2622.0,2601.0,2621.0,0.81
2016-05-31,2600.0,2635.0,2595.0,2635.0,0.33
2016-06-01,2655.0,2657.0,2620.0,2624.0,0.01
2016-06-02,2650.0,2650.0,2650.0,2660.0,0.01
2016-06-03,2660.0,2660.0,2620.0,2680.0,0.01
2016-06-06,2660.0,2669.0,2653.0,2671.0,0.2
2016-06-07,2681.0,2681.0,2637.0,2640.0,0.25
2016-06-08,2632.0,2635.0,2615.0,2632.0,0.06
2016-06-09,2637.0,2652.0,2630.0,2635.0,0.11
2016-06-10,2637.0,2640.0,2630.0,2626.0,0.6
2016-06-13,2635.0,2635.0,2620.0,2571.0,0.12
2016-06-14,2520.0,2520.0,2520.0,2520.0,0.0
2016-06-15,2399.0,2399.0,2399.0,2399.0,0.0
2016-06-16,2451.0,2453.0,2438.0,2441.0,1.09
2016-06-17,2439.0,2488.0,2439.0,2485.0,0.78
2016-06-20,2485.0,2490.0,2440.0,2443.0,1.11
2016-06-21,2458.0,2460.0,2430.0,2431.0,0.31
2016-06-23,2470.0,2470.0,2424.0,2466.0,1.11
2016-06-24,2480.0,2490.0,2457.0,2470.0,1.28
2016-06-27,2463.0,2479.0,2455.0,2467.0,0.57
2016-06-28,2467.0,2467.0,2438.0,2440.0,0.64
2016-06-29,2421.0,2421.0,2370.0,2383.0,0.6
2016-06-30,2389.0,2415.0,2384.0,2400.0,0.12
2016-07-01,2434.0,2434.0,2400.0,2406.0,0.02
2016-07-04,2441.0,2441.0,2433.0,2451.0,0.11
2016-07-05,2420.0,2420.0,2400.0,2409.0,0.03
2016-07-08,2360.0,2360.0,2350.0,2320.0,0.03
2016-07-11,2330.0,2330.0,2310.0,2320.0,0.07
2016-07-12,2320.0,2320.0,2290.0,2270.0,0.03
2016-07-13,2302.0,2302.0,2290.0,2298.0,0.01
2016-07-14,2320.0,2320.0,2280.0,2280.0,0.0
2016-07-15,2298.0,2298.0,2298.0,2298.0,0.0
2016-07-18,2320.0,2332.0,2314.0,2319.0,0.86
2016-07-19,2315.0,2355.0,2307.0,2351.0,0.83
2016-07-20,2351.0,2401.0,2345.0,2387.0,1.13
2016-07-21,2387.0,2405.0,2384.0,2394.0,0.55
2016-07-22,2394.0,2394.0,2357.0,2362.0,0.61
2016-07-25,2349.0,2354.0,2322.0,2322.0,0.35
2016-07-26,2310.0,2358.0,2305.0,2352.0,1.06
2016-07-27,2352.0,2378.0,2335.0,2356.0,0.72
2016-07-28,2355.0,2355.0,2321.0,2333.0,0.4
2016-07-29,2359.0,2440.0,2330.0,2374.0,1.12
2016-08-01,2396.0,2396.0,2371.0,2375.0,0.18
2016-08-02,2370.0,2394.0,2370.0,2393.0,0.13
2016-08-03,2401.0,2480.0,2401.0,2479.0,0.12
2016-08-04,2477.0,2523.0,2476.0,2509.0,0.1
2016-08-05,2492.0,2510.0,2484.0,2505.0,0.06
2016-08-08,2488.0,2571.0,2488.0,2550.0,0.09
2016-08-09,2590.0,2620.0,2550.0,2561.0,0.14
2016-08-10,2620.0,2630.0,2580.0,2630.0,0.1
2016-08-11,2620.0,2630.0,2611.0,2612.0,0.1
2016-08-12,2610.0,2660.0,2610.0,2620.0,0.02
2016-08-15,2620.0,2620.0,2620.0,2620.0,0.0
2016-08-16,2731.0,2745.0,2706.0,2741.0,1.14
2016-08-17,2765.0,2953.0,2765.0,2888.0,1.0
2016-08-18,2878.0,2898.0,2822.0,2838.0,0.64
2016-08-19,2845.0,2907.0,2840.0,2852.0,0.6
2016-08-22,2852.0,2868.0,2805.0,2820.0,0.64
2016-08-23,2800.0,2836.0,2794.0,2833.0,0.2
2016-08-24,2855.0,2872.0,2837.0,2841.0,0.76
2016-08-25,2811.0,2825.0,2790.0,2804.0,0.73
2016-08-26,2797.0,2823.0,2792.0,2800.0,0.32
2016-08-29,2800.0,2846.0,2783.0,2790.0,0.59
2016-08-30,2811.0,2815.0,2788.0,2789.0,0.22
2016-09-01,2770.0,2770.0,2746.0,2753.0,0.44
2016-09-02,2797.0,2829.0,2797.0,2829.0,0.13
2016-09-05,2899.0,2920.0,2877.0,2890.0,0.22
2016-09-06,2890.0,2895.0,2880.0,2880.0,0.41
2016-09-07,2865.0,2870.0,2860.0,2867.0,0.16
2016-09-08,2861.0,2880.0,2860.0,2870.0,0.11
2016-09-09,2873.0,2900.0,2873.0,2898.0,0.16
2016-09-13,2870.0,2870.0,2850.0,2852.0,0.07
2016-09-14,2833.0,2833.0,2833.0,2833.0,0.02
2016-09-15,2833.0,2833.0,2833.0,2833.0,0.0
2016-09-19,2738.0,2838.0,2738.0,2831.0,0.95
2016-09-20,2870.0,2911.0,2870.0,2887.0,0.69
2016-09-21,2919.0,2919.0,2871.0,2873.0,0.49
2016-09-22,2900.0,2909.0,2845.0,2909.0,0.91
2016-09-23,2900.0,2905.0,2859.0,2863.0,0.72
2016-09-26,2890.0,2920.0,2887.0,2900.0,1.48
2016-09-27,2890.0,2890.0,2841.0,2849.0,0.58
2016-09-28,2835.0,2835.0,2743.0,2747.0,0.5
2016-09-29,2770.0,2770.0,2720.0,2761.0,0.2
2016-09-30,2735.0,2778.0,2735.0,2775.0,0.53
2016-10-04,2742.0,2760.0,2735.0,2743.0,0.16
2016-10-05,2742.0,2742.0,2702.0,2700.0,0.17
2016-10-06,2687.0,2687.0,2646.0,2690.0,0.49
2016-10-07,2650.0,2655.0,2640.0,2650.0,0.09
2016-10-10,2580.0,2580.0,2579.0,2585.0,0.02
2016-10-11,2650.0,2650.0,2650.0,2650.0,0.0
2016-10-12,2640.0,2660.0,2640.0,2670.0,0.05
2016-10-13,2655.0,2655.0,2655.0,2630.0,0.02
2016-10-14,2630.0,2630.0,2630.0,2630.0,0.0
2016-10-17,2748.0,2786.0,2748.0,2781.0,1.62
2016-10-18,2787.0,2810.0,2722.0,2723.0,1.78
2016-10-19,2743.0,2760.0,2720.0,2750.0,0.74
2016-10-20,2762.0,2770.0,2733.0,2755.0,0.55
2016-10-21,2727.0,2751.0,2724.0,2759.0,0.26
2016-10-24,2765.0,2820.0,2765.0,2821.0,1.77
2016-10-25,2808.0,2817.0,2754.0,2760.0,0.29
2016-10-26,2783.0,2802.0,2761.0,2792.0,0.27
2016-10-27,2785.0,2810.0,2771.0,2790.0,0.13
2016-10-28,2775.0,2807.0,2775.0,2790.0,0.17
2016-10-31,2779.0,2789.0,2772.0,2764.0,0.1
2016-11-01,2775.0,2775.0,2750.0,2740.0,0.09
2016-11-02,2760.0,2782.0,2760.0,2780.0,0.12
2016-11-03,2779.0,2792.0,2779.0,2791.0,0.1
2016-11-04,2752.0,2752.0,2752.0,2752.0,0.01
2016-11-07,2796.0,2809.0,2796.0,2803.0,0.09
2016-11-08,2801.0,2870.0,2801.0,2854.0,0.11
2016-11-09,2840.0,2866.0,2830.0,2857.0,0.02
2016-11-10,2892.0,2892.0,2892.0,2892.0,0.0
2016-11-11,2975.0,2975.0,2975.0,2975.0,0.0
2016-11-14,2856.0,2856.0,2856.0,2856.0,0.0
2016-11-15,2856.0,2856.0,2856.0,2856.0,0.0
2016-11-16,2855.0,2900.0,2853.0,2871.0,1.48
2016-11-17,2869.0,2906.0,2869.0,2883.0,1.07
2016-11-18,2871.0,2880.0,2850.0,2872.0,0.41
2016-11-21,2913.0,2936.0,2913.0,2923.0,0.72
2016-11-22,2938.0,2943.0,2925.0,2935.0,0.51
2016-11-23,2969.0,2969.0,2954.0,2959.0,0.6
2016-11-24,3019.0,3028.0,2990.0,3010.0,0.73
2016-11-25,3020.0,3047.0,3019.0,3042.0,0.37
2016-11-28,3062.0,3085.0,3062.0,3084.0,0.18
2016-11-29,3065.0,3065.0,3043.0,3060.0,0.33
2016-11-30,3060.0,3092.0,3035.0,3082.0,0.31
2016-12-01,3085.0,3118.0,3085.0,3115.0,0.03
2016-12-02,3118.0,3122.0,3118.0,3120.0,0.04
2016-12-05,3133.0,3225.0,3133.0,3225.0,0.19
2016-12-06,3180.0,3235.0,3180.0,3268.0,0.08
2016-12-07,3226.0,3240.0,3189.0,3200.0,0.03
2016-12-08,3180.0,3180.0,3180.0,3168.0,0.04
2016-12-09,3149.0,3155.0,3120.0,3123.0,0.03
2016-12-13,3200.0,3212.0,3200.0,3160.0,0.06
2016-12-14,3189.0,3189.0,3189.0,3189.0,0.0
2016-12-15,3189.0,3189.0,3189.0,3189.0,0.0
2016-12-16,3220.0,3227.0,3178.0,3188.0,0.66
2016-12-19,3216.0,3223.0,3171.0,3166.0,0.76
2016-12-20,3145.0,3150.0,3115.0,3123.0,0.92
2016-12-21,3124.0,3160.0,3110.0,3154.0,0.59
2016-12-22,3142.0,3155.0,3121.0,3125.0,0.41
2016-12-23,3125.0,3150.0,3080.0,3150.0,0.12
2016-12-27,3170.0,3226.0,3170.0,3218.0,0.4
2016-12-28,3210.0,3230.0,3210.0,3213.0,0.77
2016-12-29,3195.0,3197.0,3177.0,3196.0,0.48
2016-12-30,3187.0,3221.0,3186.0,3218.0,0.62
2017-01-03,3241.0,3250.0,3237.0,3250.0,0.2
2017-01-04,3235.0,3245.0,3230.0,3234.0,0.16
2017-01-05,3245.0,3245.0,3210.0,3200.0,0.2
2017-01-06,3175.0,3200.0,3153.0,3200.0,0.23
2017-01-09,3219.0,3230.0,3219.0,3231.0,0.17
2017-01-10,3245.0,3245.0,3170.0,3220.0,0.17
2017-01-11,3250.0,3261.0,3245.0,3261.0,0.29
2017-01-12,3255.0,3258.0,3250.0,3255.0,0.32
2017-01-13,3300.0,3330.0,3300.0,3280.0,0.07
2017-01-16,3190.0,3208.0,3185.0,3207.0,0.88
2017-01-17,3220.0,3255.0,3218.0,3255.0,1.3
2017-01-18,3233.0,3268.0,3230.0,3243.0,0.88
2017-01-19,3254.0,3254.0,3231.0,3241.0,0.49
2017-01-20,3249.0,3252.0,3227.0,3234.0,1.36
2017-01-23,3230.0,3241.0,3224.0,3231.0,1.13
2017-01-24,3320.0,3320.0,3247.0,3278.0,1.05
2017-01-25,3265.0,3275.0,3242.0,3256.0,1.16
2017-01-26,3260.0,3265.0,3236.0,3238.0,0.68
2017-01-27,3220.0,3255.0,3216.0,3243.0,0.21
2017-01-31,3230.0,3235.0,3205.0,3230.0,0.42
2017-02-02,3230.0,3267.0,3230.0,3258.0,0.23
2017-02-03,3238.0,3260.0,3236.0,3250.0,0.33
2017-02-06,3229.0,3265.0,3229.0,3262.0,0.19
2017-02-07,3280.0,3286.0,3265.0,3278.0,0.19
2017-02-08,3295.0,3310.0,3293.0,3301.0,0.43
2017-02-10,3310.0,3335.0,3265.0,3268.0,0.43
2017-02-13,3300.0,3300.0,3250.0,3250.0,0.09
2017-02-14,3259.0,3289.0,3259.0,3282.0,0.16
2017-02-15,3306.0,3306.0,3306.0,3306.0,0.08
2017-02-16,3208.0,3211.0,3150.0,3151.0,1.57
2017-02-17,3119.0,3150.0,3088.0,3094.0,1.12
2017-02-20,3095.0,3119.0,3076.0,3073.0,1.39
2017-02-21,3095.0,3095.0,3016.0,3024.0,1.46
2017-02-22,3020.0,3038.0,2990.0,3022.0,1.37
2017-02-23,2990.0,2996.0,2885.0,2945.0,2.61
2017-02-24,2940.0,2977.0,2940.0,2977.0,0.82
2017-02-27,2964.0,2964.0,2919.0,2920.0,0.78
2017-02-28,2915.0,2917.0,2866.0,2898.0,0.65
2017-03-01,2915.0,2951.0,2880.0,2951.0,0.05
2017-03-02,2935.0,2979.0,2925.0,2979.0,0.08
2017-03-03,3005.0,3005.0,2974.0,3000.0,0.09
2017-03-06,2899.0,3050.0,2899.0,3010.0,0.09
2017-03-07,2950.0,2974.0,2950.0,2974.0,0.09
2017-03-08,2970.0,3000.0,2941.0,3000.0,0.06
2017-03-09,3000.0,3000.0,2990.0,2990.0,0.04
2017-03-10,3000.0,3000.0,2990.0,2990.0,0.11
2017-03-13,3000.0,3000.0,2975.0,2950.0,0.66
2017-03-14,2950.0,2985.0,2950.0,2985.0,0.12
2017-03-15,3000.0,3020.0,3000.0,3020.0,0.1
2017-03-16,2935.0,2981.0,2922.0,2963.0,0.84
2017-03-17,2960.0,2969.0,2940.0,2966.0,0.58
2017-03-20,2965.0,2969.0,2933.0,2939.0,0.57
2017-03-21,2949.0,2970.0,2924.0,2968.0,0.43
2017-03-22,2965.0,2987.0,2964.0,2975.0,0.88
2017-03-23,2975.0,2975.0,2922.0,2933.0,0.37
2017-03-24,2925.0,2928.0,2895.0,2895.0,0.68
2017-03-27,2875.0,2875.0,2830.0,2843.0,0.59
2017-03-28,2884.0,2884.0,2850.0,2859.0,0.38
2017-03-29,2870.0,2880.0,2857.0,2874.0,0.48
2017-03-30,2855.0,2865.0,2828.0,2831.0,0.59
2017-03-31,2830.0,2851.0,2825.0,2833.0,0.18
2017-04-03,2841.0,2848.0,2841.0,2862.0,0.18
2017-04-04,2855.0,2868.0,2847.0,2861.0,0.19
2017-04-05,2892.0,2936.0,2892.0,2930.0,0.39
2017-04-06,2920.0,2930.0,2910.0,2909.0,0.15
2017-04-07,2880.0,2898.0,2880.0,2885.0,0.22
2017-04-10,2861.0,2871.0,2828.0,2832.0,0.32
2017-04-11,2830.0,2845.0,2800.0,2838.0,0.17
2017-04-12,2840.0,2840.0,2736.0,2780.0,0.33
2017-04-13,2781.0,2800.0,2760.0,2769.0,0.77
2017-04-14,2750.0,2750.0,2750.0,2750.0,0.06
2017-04-17,2665.0,2680.0,2632.0,2636.0,1.51
2017-04-18,2653.0,2654.0,2595.0,2597.0,2.36
2017-04-19,2585.0,2610.0,2574.0,2584.0,1.91
2017-04-20,2599.0,2641.0,2599.0,2639.0,1.69
2017-04-21,2639.0,2670.0,2637.0,2669.0,0.6
2017-04-25,2629.0,2637.0,2598.0,2634.0,0.35
2017-04-26,2641.0,2669.0,2635.0,2664.0,0.53
2017-04-27,2677.0,2726.0,2653.0,2660.0,1.76
2017-04-28,2667.0,2700.0,2635.0,2694.0,0.4
2017-05-02,2725.0,2740.0,2700.0,2730.0,0.38
2017-05-03,2711.0,2738.0,2703.0,2705.0,0.42
2017-05-04,2735.0,2737.0,2701.0,2730.0,0.42
2017-05-05,2735.0,2777.0,2725.0,2775.0,0.9
2017-05-08,2787.0,2830.0,2775.0,2800.0,0.46
2017-05-09,2835.0,2850.0,2830.0,2850.0,0.29
2017-05-11,2832.0,2896.0,2820.0,2895.0,0.49
2017-05-12,2865.0,2873.0,2841.0,2860.0,0.7
2017-05-15,2800.0,2920.0,2800.0,2920.0,0.49
2017-05-16,2816.0,2840.0,2804.0,2834.0,1.07
2017-05-17,2839.0,2886.0,2815.0,2886.0,1.79
2017-05-18,2873.0,2899.0,2863.0,2871.0,1.52
2017-05-19,2875.0,2886.0,2847.0,2885.0,0.81
2017-05-22,2915.0,2922.0,2895.0,2900.0,0.85
2017-05-23,2895.0,2910.0,2863.0,2877.0,0.92
2017-05-24,2860.0,2876.0,2859.0,2861.0,0.27
2017-05-25,2864.0,2884.0,2841.0,2876.0,0.32
2017-05-26,2840.0,2858.0,2840.0,2840.0,1.07
2017-05-29,2830.0,2830.0,2782.0,2787.0,0.59
2017-05-30,2798.0,2798.0,2736.0,2757.0,1.13
2017-05-31,2745.0,2770.0,2727.0,2749.0,1.19
2017-06-01,2760.0,2770.0,2733.0,2759.0,0.34
2017-06-02,2779.0,2779.0,2730.0,2730.0,0.31
2017-06-05,2728.0,2746.0,2720.0,2743.0,0.17
2017-06-06,2726.0,2745.0,2720.0,2738.0,0.32
2017-06-07,2728.0,2728.0,2707.0,2707.0,0.93
2017-06-08,2690.0,2697.0,2670.0,2670.0,0.77
2017-06-09,2708.0,2708.0,2680.0,2680.0,0.16
2017-06-13,2670.0,2670.0,2648.0,2649.0,0.47
2017-06-14,2660.0,2670.0,2660.0,2675.0,0.16
2017-06-15,2663.0,2675.0,2650.0,2650.0,0.31
2017-06-16,2638.0,2671.0,2630.0,2656.0,2.31
2017-06-19,2682.0,2699.0,2638.0,2640.0,1.57
2017-06-20,2612.0,2630.0,2593.0,2603.0,0.55
2017-06-21,2590.0,2596.0,2581.0,2587.0,0.71
2017-06-22,2590.0,2599.0,2576.0,2597.0,0.65
2017-06-23,2597.0,2589.0,2589.0,2589.0,0.29
2017-06-28,2614.0,2614.0,2579.0,2585.0,0.89
2017-06-29,2597.0,2617.0,2590.0,2617.0,0.92
2017-06-30,2619.0,2632.0,2593.0,2596.0,1.17
2017-07-03,2633.0,2642.0,2622.0,2642.0,0.22
2017-07-04,2619.0,2652.0,2619.0,2650.0,0.68
2017-07-05,2655.0,2674.0,2655.0,2670.0,0.32
2017-07-06,2670.0,2688.0,2670.0,2688.0,0.55
2017-07-07,2678.0,2690.0,2668.0,2668.0,0.18
2017-07-10,2700.0,2705.0,2682.0,2705.0,0.56
2017-07-11,2694.0,2694.0,2670.0,2687.0,0.09
2017-07-12,2695.0,2697.0,2667.0,2679.0,0.35
2017-07-13,2665.0,2670.0,2665.0,2661.0,0.1
2017-07-14,2620.0,2620.0,2620.0,2620.0,0.0
2017-07-17,2642.0,2648.0,2613.0,2617.0,0.88
2017-07-18,2629.0,2635.0,2579.0,2582.0,1.33
2017-07-19,2550.0,2588.0,2550.0,2580.0,0.98
2017-07-20,2600.0,2624.0,2590.0,2621.0,1.65
2017-07-21,2624.0,2625.0,2604.0,2612.0,0.69
2017-07-24,2587.0,2592.0,2578.0,2589.0,0.91
2017-07-25,2607.0,2650.0,2603.0,2646.0,1.61
2017-07-26,2635.0,2655.0,2623.0,2652.0,0.58
2017-07-27,2708.0,2708.0,2660.0,2692.0,0.97
2017-07-28,2670.0,2678.0,2651.0,2666.0,0.32
2017-07-31,2705.0,2705.0,2668.0,2672.0,1.23
2017-08-01,2675.0,2680.0,2645.0,2659.0,0.12
2017-08-02,2635.0,2637.0,2611.0,2630.0,0.03
2017-08-03,2610.0,2610.0,2576.0,2588.0,0.13
2017-08-04,2576.0,2605.0,2576.0,2590.0,0.07
2017-08-07,2593.0,2608.0,2585.0,2581.0,0.14
2017-08-08,2600.0,2630.0,2599.0,2624.0,0.62
2017-08-09,2645.0,2648.0,2624.0,2628.0,0.22
2017-08-10,2635.0,2661.0,2630.0,2663.0,0.16
2017-08-11,2683.0,2683.0,2683.0,2683.0,0.0
2017-08-14,2668.0,2668.0,2668.0,2668.0,0.0
2017-08-15,2628.0,2628.0,2628.0,2628.0,0.0
2017-08-16,2600.0,2624.0,2588.0,2622.0,1.37
2017-08-17,2625.0,2655.0,2623.0,2649.0,1.33
2017-08-18,2655.0,2680.0,2636.0,2675.0,0.86
2017-08-21,2670.0,2711.0,2665.0,2703.0,1.39
2017-08-22,2727.0,2755.0,2717.0,2729.0,1.65
2017-08-23,2722.0,2730.0,2706.0,2723.0,0.82
2017-08-24,2722.0,2752.0,2722.0,2750.0,0.58
2017-08-25,2737.0,2780.0,2722.0,2733.0,0.66
2017-08-28,2746.0,2746.0,2716.0,2723.0,0.35
2017-08-29,2711.0,2711.0,2680.0,2680.0,0.32
2017-08-30,2691.0,2694.0,2670.0,2680.0,0.22
2017-09-05,2671.0,2740.0,2671.0,2740.0,0.2
2017-09-06,2733.0,2741.0,2720.0,2720.0,0.13
2017-09-07,2700.0,2774.0,2695.0,2768.0,0.44
2017-09-08,2757.0,2775.0,2750.0,2771.0,0.26
2017-09-11,2780.0,2807.0,2780.0,2803.0,0.25
2017-09-12,2808.0,2818.0,2805.0,2830.0,0.1
2017-09-13,2892.0,2892.0,2892.0,2892.0,0.0
2017-09-14,2885.0,2885.0,2885.0,2885.0,0.0
2017-09-15,2885.0,2885.0,2885.0,2885.0,0.0
2017-09-18,2885.0,2885.0,2831.0,2834.0,1.03
2017-09-19,2852.0,2852.0,2783.0,2785.0,0.4
2017-09-20,2784.0,2796.0,2777.0,2786.0,0.38
2017-09-21,2750.0,2792.0,2747.0,2748.0,0.79
2017-09-25,2718.0,2728.0,2708.0,2715.0,0.6
2017-09-26,2723.0,2756.0,2723.0,2755.0,0.68
2017-09-27,2730.0,2769.0,2730.0,2759.0,0.27
2017-09-28,2707.0,2733.0,2707.0,2726.0,0.12
2017-09-29,2726.0,2733.0,2707.0,2719.0,0.25
2017-10-02,2710.0,2725.0,2689.0,2689.0,0.27
2017-10-03,2690.0,2705.0,2690.0,2704.0,0.15
2017-10-04,2720.0,2730.0,2720.0,2727.0,1.23
2017-10-05,2737.0,2750.0,2735.0,2729.0,0.27
2017-10-06,2735.0,2736.0,2730.0,2741.0,0.24
2017-10-09,2750.0,2750.0,2724.0,2739.0,0.34
2017-10-10,2711.0,2711.0,2697.0,2710.0,0.15
2017-10-11,2670.0,2670.0,2670.0,2700.0,0.0
2017-10-12,2720.0,2730.0,2720.0,2716.0,0.06
2017-10-13,2716.0,2716.0,2716.0,2716.0,0.0
2017-10-16,2751.0,2755.0,2743.0,2755.0,0.58
2017-10-17,2753.0,2758.0,2730.0,2734.0,0.79
2017-10-19,2730.0,2732.0,2700.0,2714.0,0.77
2017-10-20,2716.0,2729.0,2709.0,2724.0,0.34
2017-10-23,2732.0,2769.0,2731.0,2767.0,1.28
2017-10-24,2780.0,2780.0,2752.0,2752.0,0.26
2017-10-25,2759.0,2785.0,2752.0,2779.0,0.51
2017-10-26,2782.0,2790.0,2779.0,2785.0,0.2
2017-10-27,2796.0,2808.0,2786.0,2786.0,0.33
2017-10-30,2825.0,2828.0,2807.0,2806.0,0.16
2017-10-31,2798.0,2798.0,2783.0,2791.0,0.26
2017-11-01,2810.0,2810.0,2781.0,2804.0,0.18
2017-11-02,2810.0,2811.0,2797.0,2798.0,0.06
2017-11-03,2793.0,2800.0,2775.0,2784.0,0.16
2017-11-06,2765.0,2788.0,2764.0,2772.0,0.23
2017-11-07,2790.0,2794.0,2723.0,2759.0,0.47
2017-11-08,2767.0,2772.0,2760.0,2772.0,0.1
2017-11-09,2784.0,2784.0,2745.0,2747.0,0.02
2017-11-10,2730.0,2769.0,2730.0,2740.0,0.04
2017-11-13,2770.0,2770.0,2750.0,2702.0,0.03
2017-11-14,2654.0,2654.0,2654.0,2654.0,0.0
2017-11-15,2710.0,2710.0,2710.0,2695.0,0.0
2017-11-16,2721.0,2721.0,2688.0,2706.0,1.21
2017-11-17,2698.0,2701.0,2676.0,2680.0,0.61
2017-11-20,2659.0,2659.0,2590.0,2592.0,0.76
2017-11-21,2585.0,2585.0,2550.0,2580.0,0.46
2017-11-22,2585.0,2586.0,2560.0,2585.0,0.56
2017-11-23,2563.0,2563.0,2530.0,2530.0,0.68
2017-11-24,2538.0,2555.0,2535.0,2545.0,0.39
2017-11-27,2525.0,2525.0,2475.0,2495.0,0.39
2017-11-28,2500.0,2500.0,2470.0,2470.0,0.7
2017-11-29,2460.0,2470.0,2450.0,2468.0,0.18
2017-11-30,2503.0,2503.0,2479.0,2495.0,0.12
2017-12-04,2519.0,2519.0,2480.0,2480.0,0.09
2017-12-05,2455.0,2456.0,2445.0,2456.0,0.13
2017-12-06,2455.0,2460.0,2445.0,2435.0,0.14
2017-12-07,2435.0,2441.0,2418.0,2410.0,0.09
2017-12-08,2425.0,2435.0,2386.0,2379.0,0.12
2017-12-11,2375.0,2375.0,2350.0,2350.0,0.08
2017-12-12,2378.0,2395.0,2362.0,2365.0,0.11
2017-12-13,2350.0,2356.0,2330.0,2349.0,0.07
2017-12-14,2310.0,2320.0,2300.0,2340.0,0.17
2017-12-15,2376.0,2376.0,2325.0,2346.0,0.15
2017-12-18,2479.0,2479.0,2458.0,2468.0,1.02
2017-12-19,2454.0,2471.0,2440.0,2469.0,1.09
2017-12-20,2479.0,2479.0,2450.0,2450.0,0.39
2017-12-21,2428.0,2428.0,2405.0,2411.0,0.45
2017-12-22,2403.0,2410.0,2382.0,2407.0,0.68
2017-12-26,2400.0,2439.0,2397.0,2438.0,0.62
2017-12-27,2443.0,2474.0,2443.0,2474.0,0.32
2017-12-28,2440.0,2468.0,2440.0,2459.0,0.56
2017-12-29,2430.0,2441.0,2415.0,2444.0,0.65
2018-01-02,2466.0,2481.0,2466.0,2472.0,0.1
2018-01-03,2476.0,2555.0,2476.0,2555.0,0.5
2018-01-04,2538.0,2551.0,2533.0,2542.0,0.47
2018-01-05,2554.0,2561.0,2527.0,2570.0,0.25
2018-01-08,2541.0,2572.0,2530.0,2590.0,0.16
2018-01-09,2563.0,2591.0,2563.0,2562.0,0.1
2018-01-10,2546.0,2570.0,2546.0,2568.0,0.05
2018-01-11,2557.0,2557.0,2534.0,2509.0,0.0
2018-01-12,2530.0,2530.0,2510.0,2474.0,0.08
2018-01-15,2480.0,2480.0,2480.0,2480.0,0.0
2018-01-16,2535.0,2535.0,2495.0,2504.0,0.66
2018-01-17,2492.0,2493.0,2467.0,2478.0,0.22
2018-01-18,2467.0,2495.0,2457.0,2465.0,0.46
2018-01-19,2446.0,2452.0,2428.0,2435.0,0.37
2018-01-22,2447.0,2468.0,2447.0,2465.0,0.35
2018-01-23,2450.0,2503.0,2444.0,2488.0,0.67
2018-01-24,2491.0,2514.0,2491.0,2512.0,0.29
2018-01-25,2508.0,2514.0,2490.0,2490.0,0.18
2018-01-26,2502.0,2502.0,2479.0,2482.0,0.22
2018-01-29,2500.0,2519.0,2500.0,2514.0,0.25
2018-01-30,2500.0,2504.0,2482.0,2490.0,0.39
2018-02-02,2480.0,2480.0,2468.0,2475.0,0.13
2018-02-05,2451.0,2501.0,2451.0,2500.0,1.12
2018-02-06,2500.0,2500.0,2472.0,2481.0,0.0
2018-02-07,2499.0,2510.0,2480.0,2482.0,0.25
2018-02-08,2474.0,2502.0,2474.0,2501.0,0.08
2018-02-09,2485.0,2505.0,2485.0,2495.0,0.07
2018-02-12,2530.0,2555.0,2529.0,2550.0,0.17
2018-02-13,2550.0,2550.0,2503.0,2510.0,0.17
2018-02-14,2502.0,2519.0,2502.0,2506.0,0.13
2018-02-15,2505.0,2505.0,2505.0,2505.0,0.0
2018-02-19,2497.0,2530.0,2496.0,2530.0,0.94
2018-02-20,2535.0,2535.0,2506.0,2509.0,1.2
2018-02-21,2527.0,2530.0,2499.0,2510.0,1.56
2018-02-22,2520.0,2521.0,2493.0,2509.0,1.85
2018-02-23,2525.0,2551.0,2522.0,2536.0,1.43
2018-02-26,2558.0,2573.0,2545.0,2555.0,1.05
2018-02-27,2560.0,2568.0,2550.0,2556.0,0.36
2018-02-28,2558.0,2577.0,2558.0,2571.0,1.45
2018-03-01,2563.0,2578.0,2563.0,2564.0,0.13
2018-03-02,2516.0,2540.0,2495.0,2496.0,0.08
2018-03-05,2476.0,2492.0,2476.0,2491.0,0.06
2018-03-06,2490.0,2493.0,2480.0,2491.0,0.06
2018-03-07,2459.0,2459.0,2459.0,2459.0,0.0
2018-03-08,2438.0,2438.0,2435.0,2425.0,0.02
2018-03-09,2395.0,2401.0,2393.0,2398.0,0.07
2018-03-12,2405.0,2405.0,2365.0,2390.0,0.04
2018-03-13,2380.0,2406.0,2377.0,2410.0,0.13
2018-03-14,2441.0,2441.0,2441.0,2441.0,0.0
2018-03-15,2434.0,2434.0,2434.0,2434.0,0.0
2018-03-16,2463.0,2480.0,2431.0,2438.0,1.45
2018-03-19,2434.0,2442.0,2426.0,2433.0,0.92
2018-03-20,2433.0,2462.0,2422.0,2450.0,0.94
2018-03-21,2450.0,2461.0,2447.0,2459.0,0.43
2018-03-22,2466.0,2466.0,2430.0,2445.0,2.13
2018-03-23,2428.0,2430.0,2390.0,2420.0,0.62
2018-03-26,2390.0,2415.0,2390.0,2405.0,0.1
2018-03-27,2398.0,2398.0,2395.0,2400.0,0.12
2018-03-28,2385.0,2403.0,2370.0,2397.0,0.22
2018-03-29,2330.0,2396.0,2330.0,2378.0,0.22
2018-03-30,2400.0,2405.0,2380.0,2380.0,0.34
2018-04-02,2400.0,2430.0,2400.0,2430.0,0.14
2018-04-03,2420.0,2426.0,2415.0,2410.0,0.37
2018-04-04,2415.0,2415.0,2410.0,2428.0,0.01
2018-04-05,2440.0,2445.0,2440.0,2442.0,0.04
2018-04-06,2445.0,2454.0,2445.0,2479.0,0.1
2018-04-09,2470.0,2479.0,2470.0,2436.0,0.01
2018-04-10,2403.0,2403.0,2403.0,2403.0,0.0
2018-04-11,2399.0,2399.0,2399.0,2399.0,0.0
2018-04-12,2410.0,2415.0,2350.0,2392.0,0.01
2018-04-13,2392.0,2392.0,2392.0,2392.0,0.0
2018-04-16,2393.0,2401.0,2360.0,2362.0,0.73
2018-04-17,2360.0,2419.0,2349.0,2392.0,1.19
2018-04-18,2387.0,2396.0,2375.0,2393.0,0.46
2018-04-19,2401.0,2403.0,2385.0,2388.0,1.11
2018-04-20,2397.0,2420.0,2385.0,2410.0,1.77
2018-04-23,2404.0,2405.0,2397.0,2402.0,0.56
2018-04-24,2385.0,2399.0,2385.0,2395.0,0.15
2018-04-25,2400.0,2404.0,2390.0,2391.0,0.2
2018-04-26,2395.0,2396.0,2386.0,2386.0,0.19
2018-04-27,2382.0,2389.0,2375.0,2378.0,0.14
2018-04-30,2370.0,2371.0,2323.0,2324.0,0.82
2018-05-02,2340.0,2348.0,2340.0,2341.0,0.05
2018-05-03,2340.0,2340.0,2319.0,2308.0,0.04
2018-05-04,2310.0,2310.0,2310.0,2319.0,0.01
2018-05-07,2354.0,2354.0,2354.0,2365.0,0.06
2018-05-08,2365.0,2365.0,2360.0,2359.0,0.03
2018-05-14,2370.0,2370.0,2370.0,2370.0,0.01
2018-05-15,2374.0,2374.0,2374.0,2374.0,0.01
2018-05-16,2419.0,2422.0,2397.0,2404.0,1.02
2018-05-17,2391.0,2422.0,2391.0,2420.0,2.65
2018-05-18,2427.0,2445.0,2427.0,2433.0,1.08
2018-05-21,2451.0,2463.0,2427.0,2433.0,1.98
2018-05-22,2440.0,2468.0,2440.0,2463.0,0.84
2018-05-23,2455.0,2463.0,2453.0,2462.0,0.2
2018-05-24,2478.0,2481.0,2473.0,2474.0,0.9
2018-05-25,2463.0,2463.0,2441.0,2453.0,0.37
2018-05-28,2415.0,2417.0,2408.0,2414.0,0.16
2018-05-30,2398.0,2431.0,2393.0,2431.0,0.23
2018-05-31,2417.0,2435.0,2406.0,2427.0,0.19
2018-06-01,2419.0,2446.0,2415.0,2436.0,0.48
2018-06-04,2440.0,2440.0,2410.0,2414.0,0.58
2018-06-05,2386.0,2407.0,2384.0,2405.0,0.37
2018-06-06,2404.0,2411.0,2395.0,2396.0,0.51
2018-06-07,2385.0,2396.0,2375.0,2396.0,0.19
2018-06-08,2382.0,2391.0,2370.0,2378.0,0.41
2018-06-11,2370.0,2371.0,2349.0,2359.0,0.16
2018-06-12,2335.0,2335.0,2316.0,2330.0,0.02
2018-06-13,2300.0,2300.0,2300.0,2319.0,0.04
2018-06-14,2319.0,2319.0,2319.0,2319.0,0.0
2018-06-18,2321.0,2322.0,2305.0,2309.0,1.59
2018-06-19,2302.0,2304.0,2243.0,2264.0,2.91
2018-06-20,2266.0,2267.0,2250.0,2261.0,1.13
2018-06-21,2260.0,2262.0,2245.0,2254.0,1.23
2018-06-22,2263.0,2288.0,2258.0,2283.0,0.42
2018-06-25,2263.0,2295.0,2261.0,2295.0,0.52
2018-06-26,2276.0,2286.0,2276.0,2280.0,0.32
2018-06-27,2276.0,2300.0,2276.0,2304.0,0.29
2018-06-28,2305.0,2325.0,2293.0,2325.0,0.07
2018-06-29,2250.0,2300.0,2250.0,2298.0,0.11
2018-07-02,2290.0,2290.0,2285.0,2303.0,0.01
2018-07-03,2287.0,2300.0,2282.0,2287.0,0.03
2018-07-04,2290.0,2290.0,2290.0,2269.0,0.02
2018-07-05,2280.0,2280.0,2260.0,2270.0,0.03
2018-07-06,2270.0,2270.0,2250.0,2255.0,0.01
2018-07-09,2272.0,2272.0,2200.0,2200.0,0.01
2018-07-10,2237.0,2237.0,2210.0,2210.0,0.0
2018-07-11,2156.0,2156.0,2156.0,2156.0,0.03
2018-07-12,2180.0,2190.0,2170.0,2138.0,0.02
2018-07-13,2138.0,2138.0,2138.0,2140.0,0.0
2018-07-16,2143.0,2155.0,2138.0,2143.0,0.4
2018-07-17,2153.0,2163.0,2149.0,2162.0,1.07
2018-07-18,2180.0,2208.0,2179.0,2200.0,1.61
2018-07-19,2194.0,2207.0,2175.0,2180.0,0.74
2018-07-20,2173.0,2179.0,2158.0,2180.0,0.69
2018-07-23,2128.0,2136.0,2124.0,2130.0,0.06
2018-07-24,2125.0,2126.0,2095.0,2095.0,0.37
2018-07-25,2105.0,2115.0,2090.0,2103.0,0.72
2018-07-26,2117.0,2141.0,2117.0,2141.0,0.55
2018-07-27,2138.0,2145.0,2130.0,2122.0,0.18
2018-07-30,2140.0,2140.0,2128.0,2129.0,0.08
2018-07-31,2120.0,2131.0,2106.0,2132.0,0.25
2018-08-01,2123.0,2150.0,2123.0,2150.0,0.02
2018-08-02,2150.0,2150.0,2150.0,2146.0,0.01
2018-08-03,2170.0,2170.0,2170.0,2170.0,0.0
2018-08-06,2180.0,2180.0,2180.0,2180.0,0.0
2018-08-07,2195.0,2195.0,2195.0,2195.0,0.0
2018-08-08,2217.0,2249.0,2210.0,2220.0,0.11
2018-08-09,2214.0,2214.0,2214.0,2214.0,0.0
2018-08-10,2206.0,2206.0,2206.0,2206.0,0.0
2018-08-13,2150.0,2150.0,2150.0,2169.0,0.02
2018-08-14,2150.0,2150.0,2140.0,2178.0,0.01
2018-08-15,2178.0,2178.0,2178.0,2178.0,0.0
2018-08-16,2174.0,2193.0,2167.0,2191.0,1.07
2018-08-17,2206.0,2213.0,2202.0,2204.0,1.14
2018-08-20,2220.0,2220.0,2205.0,2215.0,0.78
2018-08-21,2204.0,2215.0,2202.0,2205.0,0.37
2018-08-23,2205.0,2205.0,2180.0,2183.0,0.42
2018-08-24,2186.0,2197.0,2178.0,2178.0,0.34
2018-08-27,2174.0,2178.0,2166.0,2166.0,0.35
2018-08-28,2177.0,2196.0,2172.0,2189.0,0.83
2018-08-29,2185.0,2187.0,2174.0,2177.0,0.23
2018-08-30,2177.0,2199.0,2177.0,2200.0,0.46
2018-09-03,2187.0,2207.0,2187.0,2209.0,0.14
2018-09-04,2215.0,2240.0,2215.0,2242.0,0.06
2018-09-05,2230.0,2240.0,2230.0,2239.0,0.02
2018-09-06,2233.0,2233.0,2223.0,2224.0,0.0
2018-09-07,2218.0,2218.0,2201.0,2213.0,0.03
2018-09-12,2200.0,2200.0,2200.0,2195.0,0.08
2018-09-13,2205.0,2205.0,2205.0,2205.0,0.11
2018-09-14,2205.0,2219.0,2205.0,2206.0,0.21
2018-09-18,2181.0,2185.0,2165.0,2168.0,1.36
2018-09-19,2155.0,2156.0,2126.0,2127.0,1.58
2018-09-20,2130.0,2136.0,2108.0,2118.0,0.72
2018-09-21,2119.0,2129.0,2116.0,2116.0,1.17
2018-09-24,2127.0,2140.0,2120.0,2137.0,0.95
2018-09-25,2132.0,2149.0,2122.0,2148.0,0.66
2018-09-26,2146.0,2150.0,2140.0,2145.0,0.84
2018-09-27,2123.0,2140.0,2113.0,2117.0,0.33
2018-09-28,2104.0,2112.0,2090.0,2118.0,0.21
2018-10-01,2114.0,2125.0,2094.0,2094.0,0.03
2018-10-02,2100.0,2101.0,2060.0,2085.0,0.09
2018-10-03,2081.0,2132.0,2081.0,2127.0,0.21
2018-10-04,2136.0,2149.0,2132.0,2148.0,0.28
2018-10-05,2139.0,2139.0,2139.0,2139.0,0.0
2018-10-08,2120.0,2125.0,2119.0,2116.0,0.23
2018-10-09,2107.0,2121.0,2107.0,2125.0,0.03
2018-10-10,2127.0,2140.0,2127.0,2118.0,0.13
2018-10-11,2096.0,2097.0,2090.0,2096.0,0.05
2018-10-12,2108.0,2116.0,2103.0,2113.0,0.04
2018-10-15,2147.0,2150.0,2147.0,2148.0,0.24
2018-10-16,2149.0,2154.0,2134.0,2140.0,0.82
2018-10-17,2140.0,2159.0,2140.0,2156.0,1.24
2018-10-18,2136.0,2141.0,2127.0,2135.0,0.77
2018-10-19,2125.0,2129.0,2125.0,2125.0,0.19
2018-10-22,2124.0,2145.0,2124.0,2145.0,1.06
2018-10-23,2150.0,2150.0,2121.0,2122.0,0.28
2018-10-24,2106.0,2108.0,2092.0,2103.0,1.04
2018-10-25,2099.0,2099.0,2068.0,2071.0,0.64
2018-10-26,2075.0,2079.0,2045.0,2046.0,1.01
2018-10-29,2048.0,2080.0,2048.0,2075.0,0.62
2018-10-30,2060.0,2061.0,2039.0,2057.0,0.53
2018-10-31,2046.0,2046.0,1988.0,1988.0,0.71
2018-11-01,1982.0,1999.0,1975.0,1976.0,0.09
2018-11-02,1942.0,2009.0,1942.0,1985.0,0.12
2018-11-05,2005.0,2005.0,2005.0,1950.0,0.05
2018-11-07,1975.0,1975.0,1970.0,1950.0,0.02
2018-11-08,1950.0,1980.0,1950.0,1929.0,0.0
2018-11-09,1880.0,1880.0,1880.0,1880.0,0.0
2018-11-12,1865.0,1865.0,1865.0,1865.0,0.0
2018-11-13,1825.0,1825.0,1825.0,1825.0,0.0
2018-11-14,1759.0,1759.0,1759.0,1759.0,0.0
2018-11-15,1759.0,1759.0,1759.0,1759.0,0.0
2018-11-16,1854.0,1856.0,1757.0,1775.0,2.59
2018-11-19,1775.0,1804.0,1775.0,1800.0,1.02
2018-11-21,1800.0,1845.0,1780.0,1822.0,1.33
2018-11-22,1845.0,1920.0,1813.0,1878.0,1.2
2018-11-23,1882.0,1911.0,1880.0,1866.0,1.11
2018-11-26,1895.0,1895.0,1827.0,1785.0,0.44
2018-11-27,1751.0,1825.0,1750.0,1805.0,0.33
2018-11-28,1809.0,1840.0,1798.0,1839.0,0.24
2018-11-29,1850.0,1875.0,1837.0,1867.0,0.41
2018-11-30,1870.0,1875.0,1857.0,1872.0,0.68
2018-12-03,1882.0,1887.0,1808.0,1813.0,0.26
2018-12-04,1823.0,1835.0,1786.0,1800.0,0.04
2018-12-05,1777.0,1791.0,1756.0,1780.0,0.16
2018-12-06,1798.0,1798.0,1798.0,1792.0,0.0
2018-12-07,1777.0,1782.0,1777.0,1793.0,0.04
2018-12-10,1830.0,2055.0,1830.0,1835.0,0.0
2018-12-11,1884.0,1890.0,1870.0,1805.0,0.04
2018-12-12,1813.0,1813.0,1813.0,1813.0,0.0
2018-12-13,1832.0,1880.0,1828.0,1835.0,0.15
2018-12-14,1835.0,1835.0,1835.0,1835.0,0.0
2018-12-17,1970.0,1980.0,1941.0,1964.0,0.87
2018-12-18,1959.0,2063.0,1959.0,2062.0,1.17
2018-12-19,2066.0,2140.0,2060.0,2139.0,1.41
2018-12-20,2127.0,2142.0,2106.0,2133.0,0.84
2018-12-21,2112.0,2128.0,2102.0,2103.0,0.84
2018-12-24,2092.0,2103.0,2055.0,2055.0,0.26
2018-12-26,2034.0,2034.0,2010.0,2017.0,0.2
2018-12-27,2023.0,2039.0,2010.0,2012.0,0.67
2018-12-28,2023.0,2027.0,2007.0,2013.0,0.26
2018-12-31,2025.0,2028.0,2003.0,2004.0,0.28
2019-01-02,2030.0,2075.0,2030.0,2070.0,0.08
2019-01-03,2090.0,2095.0,2090.0,2090.0,0.02
2019-01-04,2100.0,2121.0,2100.0,2120.0,0.07
2019-01-07,2130.0,2130.0,2090.0,2092.0,0.31
2019-01-08,2100.0,2128.0,2100.0,2109.0,0.17
2019-01-09,2104.0,2104.0,2104.0,2104.0,0.0
2019-01-10,2118.0,2118.0,2118.0,2087.0,0.0
2019-01-11,2093.0,2093.0,2093.0,2093.0,0.0
2019-01-14,2100.0,2100.0,2100.0,2062.0,0.59
2019-01-15,2130.0,2130.0,2130.0,2130.0,0.05
2019-01-16,2095.0,2096.0,2085.0,2090.0,0.39
2019-01-17,2085.0,2123.0,2083.0,2121.0,0.97
2019-01-18,2142.0,2147.0,2134.0,2142.0,3.14
2019-01-22,2156.0,2172.0,2156.0,2163.0,0.92
2019-01-23,2156.0,2194.0,2147.0,2191.0,0.37
2019-01-24,2190.0,2201.0,2190.0,2200.0,0.41
2019-01-25,2186.0,2202.0,2186.0,2190.0,0.27
2019-01-28,2210.0,2226.0,2206.0,2222.0,0.2
2019-01-29,2229.0,2229.0,2182.0,2194.0,0.33
2019-01-30,2194.0,2218.0,2180.0,2204.0,0.52
2019-01-31,2199.0,2202.0,2187.0,2200.0,0.42
2019-02-04,2207.0,2207.0,2207.0,2207.0,0.05
2019-02-07,2227.0,2238.0,2217.0,2216.0,0.15
2019-02-08,2206.0,2217.0,2190.0,2190.0,0.15
2019-02-11,2230.0,2230.0,2200.0,2195.0,0.34
2019-02-12,2197.0,2197.0,2190.0,2181.0,0.04
2019-02-13,2195.0,2195.0,2190.0,2176.0,0.01
2019-02-14,2200.0,2200.0,2200.0,2200.0,0.0
2019-02-15,2200.0,2200.0,2200.0,2200.0,0.0
2019-02-18,2212.0,2212.0,2199.0,2206.0,0.67
2019-02-19,2220.0,2223.0,2153.0,2155.0,1.29
2019-02-20,2155.0,2162.0,2110.0,2134.0,1.23
2019-02-21,2125.0,2147.0,2119.0,2145.0,0.21
2019-02-22,2156.0,2158.0,2132.0,2138.0,0.73
2019-02-25,2139.0,2139.0,2015.0,2020.0,0.17
2019-02-26,1917.0,2039.0,1908.0,1982.0,0.81
2019-02-27,1981.0,2039.0,1908.0,1920.0,1.32
2019-02-28,1932.0,1944.0,1915.0,1915.0,0.69
2019-03-01,1942.0,2010.0,1935.0,1986.0,0.53
2019-03-04,1980.0,1980.0,1978.0,1978.0,0.03
2019-03-05,1979.0,1981.0,1979.0,1992.0,0.06
2019-03-06,1990.0,1995.0,1990.0,2000.0,0.04
2019-03-07,1990.0,1995.0,1980.0,1973.0,0.05
2019-03-08,1976.0,1976.0,1971.0,1971.0,0.01
2019-03-11,2020.0,2020.0,1959.0,1962.0,0.03
2019-03-12,1950.0,1980.0,1950.0,1980.0,0.01
2019-03-13,1956.0,1956.0,1956.0,1956.0,0.0
2019-03-14,1950.0,1950.0,1950.0,1950.0,0.0
2019-03-15,1950.0,1950.0,1880.0,1950.0,0.0
2019-03-18,2023.0,2035.0,2019.0,2025.0,1.36
2019-03-19,2020.0,2075.0,2018.0,2060.0,2.37
2019-03-20,2047.0,2099.0,2047.0,2095.0,0.5
2019-03-21,2082.0,2098.0,2082.0,2090.0,1.36
2019-03-22,2075.0,2092.0,2075.0,2090.0,0.19
2019-03-25,2075.0,2075.0,2060.0,2062.0,0.48
2019-03-26,2068.0,2068.0,2035.0,2036.0,1.21
2019-03-27,2035.0,2035.0,2007.0,2031.0,0.59
2019-03-28,2018.0,2018.0,2006.0,2013.0,0.2
2019-03-29,2000.0,2000.0,1994.0,2001.0,0.13
2019-04-01,2000.0,2010.0,1996.0,2009.0,0.2
2019-04-02,2020.0,2037.0,2020.0,2037.0,0.16
2019-04-03,2050.0,2077.0,2050.0,2070.0,0.15
2019-04-04,2079.0,2100.0,2079.0,2100.0,0.01
2019-04-05,2120.0,2160.0,2120.0,2129.0,0.12
2019-04-08,2145.0,2151.0,2145.0,2111.0,0.03
2019-04-09,2160.0,2162.0,2160.0,2120.0,0.05
2019-04-10,2120.0,2120.0,2090.0,2056.0,0.05
2019-04-11,2040.0,2040.0,2040.0,2040.0,0.0
2019-04-12,2090.0,2090.0,2090.0,2038.0,0.01
2019-04-15,2100.0,2100.0,2100.0,2100.0,0.04
2019-04-16,2081.0,2108.0,2066.0,2105.0,0.65
2019-04-17,2124.0,2144.0,2119.0,2130.0,0.73
2019-04-18,2118.0,2122.0,2096.0,2107.0,0.37
2019-04-19,2130.0,2130.0,2106.0,2108.0,0.37
2019-04-22,2113.0,2117.0,2089.0,2090.0,0.28
2019-04-23,2070.0,2080.0,2066.0,2079.0,0.18
2019-04-24,2080.0,2080.0,2044.0,2079.0,0.24
2019-04-25,2070.0,2078.0,2050.0,2050.0,0.23
2019-04-26,2015.0,2024.0,2011.0,2013.0,0.16
2019-04-29,2008.0,2013.0,1997.0,1997.0,0.78
2019-04-30,2000.0,2005.0,1985.0,1982.0,0.35
2019-05-02,1935.0,1979.0,1923.0,1919.0,0.12
2019-05-03,1900.0,1900.0,1900.0,1900.0,0.0
2019-05-06,1877.0,1877.0,1877.0,1877.0,0.0
2019-05-07,1956.0,1961.0,1956.0,1931.0,0.03
2019-05-08,1922.0,1922.0,1922.0,1922.0,0.0
2019-05-09,1900.0,1922.0,1900.0,1910.0,0.01
2019-05-10,1946.0,1950.0,1943.0,1920.0,0.08
2019-05-13,1927.0,1927.0,1927.0,1927.0,0.0
2019-05-14,1960.0,1965.0,1945.0,1957.0,0.11
2019-05-15,1957.0,1957.0,1957.0,1957.0,0.0
2019-05-16,2015.0,2061.0,2015.0,2061.0,1.32
2019-05-17,2071.0,2072.0,2040.0,2049.0,1.25
2019-05-21,2057.0,2060.0,2016.0,2008.0,0.48
2019-05-23,1990.0,1990.0,1974.0,1974.0,0.24
2019-05-24,1965.0,1980.0,1960.0,1976.0,0.45
2019-05-27,2000.0,2004.0,1979.0,1987.0,0.72
2019-05-28,1995.0,2020.0,1995.0,2018.0,0.39
2019-05-29,2040.0,2047.0,2036.0,2044.0,0.46
2019-05-30,2010.0,2021.0,2010.0,2020.0,0.1
2019-05-31,2013.0,2033.0,2012.0,2030.0,0.25
2019-06-03,2013.0,2030.0,2003.0,1994.0,0.37
2019-06-04,2030.0,2030.0,2030.0,2030.0,0.01
2019-06-07,2025.0,2025.0,2000.0,2003.0,0.16
2019-06-10,1971.0,1971.0,1971.0,1971.0,0.0
2019-06-11,1975.0,1990.0,1975.0,1986.0,0.01
2019-06-12,1951.0,1951.0,1951.0,1951.0,0.0
2019-06-13,1980.0,1980.0,1928.0,1989.0,0.04
2019-06-14,2020.0,2020.0,2000.0,2000.0,0.0
2019-06-17,1995.0,2026.0,1993.0,2023.0,1.19
2019-06-18,2019.0,2039.0,1996.0,2005.0,0.98
2019-06-19,2016.0,2035.0,1998.0,2026.0,0.73
2019-06-20,2007.0,2012.0,2000.0,2004.0,0.29
2019-06-21,2007.0,2014.0,1998.0,1998.0,0.61
2019-06-24,1982.0,1982.0,1966.0,1967.0,0.11
2019-06-25,1967.0,1972.0,1935.0,1948.0,0.16
2019-06-26,1924.0,1924.0,1899.0,1916.0,0.16
2019-06-27,1892.0,1930.0,1845.0,1880.0,0.22
2019-06-28,1874.0,1882.0,1860.0,1865.0,0.2
2019-07-01,1886.0,1886.0,1885.0,1890.0,0.01
2019-07-02,1890.0,1920.0,1890.0,1904.0,0.03
2019-07-03,1901.0,1915.0,1894.0,1894.0,0.1
2019-07-04,1893.0,1915.0,1891.0,1890.0,0.04
2019-07-05,1904.0,1907.0,1900.0,1909.0,0.03
2019-07-08,1893.0,1972.0,1893.0,1891.0,0.02
2019-07-09,1884.0,1912.0,1884.0,1890.0,0.03
2019-07-10,1870.0,1870.0,1870.0,1884.0,0.0
2019-07-11,1888.0,1888.0,1888.0,1888.0,0.0
2019-07-12,1900.0,1900.0,1900.0,1900.0,0.0
2019-07-15,1900.0,1900.0,1900.0,1900.0,0.0
2019-07-16,1911.0,1922.0,1911.0,1918.0,0.35
2019-07-17,1905.0,1924.0,1896.0,1922.0,0.28
2019-07-18,1909.0,1918.0,1906.0,1916.0,0.14
2019-07-19,1910.0,1913.0,1899.0,1905.0,0.07
2019-07-22,1914.0,1921.0,1905.0,1920.0,0.44
2019-07-23,1917.0,1934.0,1911.0,1932.0,0.21
2019-07-24,1942.0,1955.0,1940.0,1947.0,0.78
2019-07-25,1960.0,1988.0,1935.0,1985.0,0.98
2019-07-26,1970.0,2000.0,1970.0,1996.0,0.36
2019-07-29,1990.0,2015.0,1990.0,2008.0,0.29
2019-07-31,2008.0,2019.0,2000.0,2019.0,0.06
2019-08-01,2000.0,2010.0,2000.0,2015.0,0.03
2019-08-02,2013.0,2013.0,2013.0,2013.0,0.01
2019-08-05,2024.0,2026.0,2024.0,2027.0,0.02
2019-08-06,2023.0,2031.0,2023.0,2037.0,0.02
2019-08-07,2029.0,2040.0,2029.0,2040.0,0.01
2019-08-08,2045.0,2045.0,2045.0,2073.0,0.0
2019-08-09,2140.0,2142.0,2140.0,2141.0,0.02
2019-08-13,2152.0,2164.0,2152.0,2172.0,0.05
2019-08-14,2160.0,2180.0,2160.0,2174.0,0.04
2019-08-15,2172.0,2172.0,2172.0,2172.0,0.0
2019-08-16,2163.0,2165.0,2130.0,2143.0,0.91
2019-08-19,2136.0,2136.0,2103.0,2105.0,0.3
2019-08-20,2109.0,2142.0,2102.0,2129.0,0.39
2019-08-21,2121.0,2161.0,2112.0,2163.0,0.9
2019-08-22,2170.0,2212.0,2170.0,2201.0,0.48
2019-08-23,2190.0,2212.0,2190.0,2210.0,0.31
2019-08-26,2250.0,2253.0,2220.0,2213.0,0.65
2019-08-27,2190.0,2190.0,2190.0,2184.0,0.02
2019-08-28,2201.0,2201.0,2196.0,2200.0,0.03
2019-08-29,2165.0,2165.0,2140.0,2155.0,0.12
2019-08-30,2143.0,2151.0,2115.0,2168.0,0.32
2019-09-03,2145.0,2155.0,2098.0,2106.0,0.57
2019-09-04,2100.0,2100.0,2100.0,2100.0,0.01
2019-09-05,2080.0,2090.0,2070.0,2090.0,0.13
2019-09-06,2117.0,2117.0,2117.0,2116.0,0.02
2019-09-10,2130.0,2130.0,2120.0,2133.0,0.08
2019-09-11,2120.0,2120.0,2110.0,2114.0,0.11
2019-09-12,2120.0,2145.0,2120.0,2105.0,0.01
2019-09-13,2105.0,2105.0,2105.0,2105.0,0.0
2019-09-17,2223.0,2230.0,2212.0,2213.0,0.7
2019-09-18,2194.0,2204.0,2181.0,2199.0,1.04
2019-09-19,2223.0,2223.0,2179.0,2181.0,0.23
2019-09-20,2173.0,2173.0,2158.0,2161.0,0.43
2019-09-23,2148.0,2148.0,2120.0,2124.0,0.18
2019-09-24,2107.0,2112.0,2074.0,2079.0,1.15
2019-09-25,2087.0,2087.0,2075.0,2084.0,0.08
2019-09-26,2074.0,2111.0,2074.0,2107.0,0.11
2019-09-27,2096.0,2096.0,2087.0,2090.0,0.08
2019-09-30,2074.0,2084.0,2067.0,2078.0,0.14
2019-10-01,2112.0,2117.0,2106.0,2108.0,0.11
2019-10-02,2085.0,2085.0,2085.0,2085.0,0.02
2019-10-03,2086.0,2107.0,2086.0,2086.0,0.12
2019-10-04,2096.0,2096.0,2096.0,2096.0,0.0
2019-10-07,2104.0,2105.0,2103.0,2104.0,0.04
2019-10-08,2113.0,2120.0,2113.0,2118.0,0.04
2019-10-09,2140.0,2150.0,2121.0,2140.0,0.09
2019-10-10,2135.0,2135.0,2135.0,2135.0,0.0
2019-10-11,2150.0,2156.0,2125.0,2118.0,0.01
2019-10-14,2073.0,2073.0,2073.0,2088.0,0.0
2019-10-15,2088.0,2088.0,2088.0,2088.0,0.0
2019-10-16,2170.0,2192.0,2170.0,2189.0,1.28
2019-10-17,2195.0,2210.0,2186.0,2192.0,0.73
2019-10-18,2186.0,2209.0,2184.0,2208.0,1.19
2019-10-21,2213.0,2228.0,2207.0,2215.0,0.39
2019-10-22,2202.0,2236.0,2184.0,2236.0,0.59
2019-10-23,2260.0,2272.0,2235.0,2239.0,0.73
2019-10-24,2250.0,2287.0,2249.0,2287.0,0.39
2019-10-25,2305.0,2340.0,2284.0,2309.0,0.25
2019-10-29,2342.0,2355.0,2324.0,2340.0,0.3
2019-10-30,2373.0,2410.0,2368.0,2410.0,0.25
2019-10-31,2381.0,2444.0,2381.0,2444.0,0.04
2019-11-01,2400.0,2410.0,2381.0,2422.0,0.03
2019-11-04,2420.0,2456.0,2420.0,2470.0,0.05
2019-11-05,2500.0,2500.0,2444.0,2454.0,0.05
2019-11-06,2450.0,2500.0,2450.0,2492.0,0.02
2019-11-07,2561.0,2561.0,2489.0,2480.0,0.0
2019-11-08,2526.0,2526.0,2526.0,2526.0,0.0
2019-11-11,2550.0,2550.0,2550.0,2580.0,0.04
2019-11-12,2555.0,2555.0,2555.0,2555.0,0.0
2019-11-13,2534.0,2534.0,2534.0,2534.0,0.0
2019-11-14,2560.0,2560.0,2560.0,2560.0,0.0
2019-11-15,2560.0,2560.0,2560.0,2560.0,0.0
2019-11-18,2503.0,2537.0,2477.0,2494.0,0.66
2019-11-19,2501.0,2524.0,2499.0,2519.0,0.54
2019-11-20,2553.0,2599.0,2553.0,2588.0,0.29
2019-11-21,2585.0,2599.0,2557.0,2572.0,0.3
2019-11-22,2558.0,2645.0,2558.0,2642.0,0.15
2019-11-25,2645.0,2663.0,2645.0,2650.0,0.14
2019-11-26,2599.0,2599.0,2550.0,2580.0,0.13
2019-11-27,2566.0,2600.0,2544.0,2600.0,0.4
2019-11-28,2598.0,2631.0,2570.0,2637.0,0.18
2019-11-29,2650.0,2687.0,2620.0,2620.0,0.2
2019-12-02,2590.0,2647.0,2590.0,2630.0,0.08
2019-12-03,2646.0,2646.0,2646.0,2646.0,0.0
2019-12-04,2662.0,2700.0,2662.0,2673.0,0.09
2019-12-05,2735.0,2735.0,2732.0,2715.0,0.01
2019-12-06,2757.0,2757.0,2757.0,2757.0,0.0
2019-12-09,2802.0,2802.0,2802.0,2802.0,0.04
2019-12-10,2825.0,2850.0,2820.0,2820.0,0.05
2019-12-11,2802.0,2802.0,2802.0,2802.0,0.01
2019-12-12,2833.0,2833.0,2775.0,2816.0,0.17
2019-12-13,2816.0,2816.0,2816.0,2816.0,0.0
2019-12-16,2835.0,2861.0,2835.0,2851.0,0.77
2019-12-17,2885.0,2885.0,2844.0,2849.0,0.96
2019-12-18,2844.0,2846.0,2776.0,2835.0,1.79
2019-12-19,2810.0,2853.0,2789.0,2853.0,0.24
2019-12-20,2895.0,2901.0,2894.0,2897.0,0.18
2019-12-23,2907.0,2907.0,2893.0,2901.0,0.15
2019-12-24,2901.0,2907.0,2890.0,2900.0,0.5
2019-12-26,2910.0,2970.0,2910.0,2969.0,0.2
2019-12-27,3010.0,3058.0,3006.0,3035.0,0.26
2019-12-30,3015.0,3100.0,3010.0,3097.0,0.36
2019-12-31,3113.0,3118.0,3037.0,3041.0,0.12
